artist_id,artist_name,type
1uNFoZAHBGtllmzznpCI3s,Justin Bieber,artist
20wkVLutqVOYrc0kxFs7rA,Daniel Caesar,artist
4fxd5Ee7UefO4CUXgwJ7IP,Giveon,artist
1McMsnEElThX1knmY4oliG,Olivia Rodrigo,artist
1U1el3k54VvEUzo3ybLPlM,Kali Uchis,artist
1uU7g3DNSbsu0QjSEqZtEd,Masked Wolf,artist
1Xyo4u8uXC1ZmMpatF05PJ,The Weeknd,artist
0du5cEVh5yTK9QJze8zA0C,Bruno Mars,artist
3jK9MiCrA42lLAdMGUZpwa,Anderson .Paak,artist
6PvvGcCY2XtUcSRld1Wilr,Silk Sonic,artist
4q3ewBCX7sLwd24euuV69X,Bad Bunny,artist
0EFisYRi20PTADoJrifHrz,Jhay Cortez,artist
6LuN9FCkKOj5PcnpouEgny,Khalid,artist
2o5jDhtHVPhrJdv3cEQ99Z,Tiësto,artist
6M2wZ9GZgrQXHCFfjv46we,Dua Lipa,artist
4r63FhuTkUYltbVAg5TQnk,DaBaby,artist
7iK8PXO48WeuP03g8YR51W,Myke Towers,artist
2LmcxBak1alK1bf7d1beTr,Juhn,artist
6fWVd57NKTalqvmjRd2t8Z,24kGoldn,artist
6ASri4ePR7RlsvIQgWPJpS,iann dior,artist
6jGMq4yGs7aQzuGsMgVgZR,Lil Tjay,artist
4IVAbR2w4JJNJDDRFP3E83,6LACK,artist
4kYSro6naA4h99UJvo89HB,Cardi B,artist
5cj0lLjcoR7YOSnhnX0Po5,Doja Cat,artist
2tIP7SsRs7vjIcLrU85W8J,The Kid LAROI,artist
1anyVhU62p31KFi8MEzkbf,Chance the Rapper,artist
7ltDVBr6mKbRvohxheJ9h1,ROSALÍA,artist
4riOEaOW5hCeqomFDBk0aP,Rochy RD,artist
2UZIAOlrnyZmyzt1nuXr9y,Nicki Nicole,artist
3TVXtAsR1Inumwj472S9r4,Drake,artist
3eVa5w3URK5duf6eyVDbu9,ROSÉ,artist
7i9j813KFoSBMldGqlh2Z1,Riton,artist
1gALaWbNDnwS2ECV09sn2A,Nightcrawlers,artist
4L2dV3zY7RmkeiNO035Fi0,Mufasa & Hypeman,artist
3Edve4VIATi0OZngclQlkN,Dopamine,artist
5CiGnKThu5ctn9pBxv7DGa,benny blanco,artist
6KImCVD70vtIoJWnq6nGn3,Harry Styles,artist
3Nrfpe0tUJi4K4DXYWgMUX,BTS,artist
790FomKkXshlbRYZFtlgla,KAROL G,artist
3klZnJvYGIbWritVwQD434,Duncan Laurence,artist
7tYKF4w9nC0nq9CsPZTHyP,SZA,artist
0C8ZW7ezQVs4URX5aX7Kqx,Selena Gomez,artist
1mcTU81TzQhprhouKaTkpq,Rauw Alejandro,artist
66CXWjxzNUsdJxJ2JdwvnR,Ariana Grande,artist
4GNC7GD6oZMSxPGyXy4MNB,Lewis Capaldi,artist
1PKErrAhYFdfrDymGHRQRo,Nathan Evans,artist
4Euia7UzdRshy1DJOSMTcs,220 KID,artist
5PoZtBo8xZKqPWlZrIDq82,Billen Ted,artist
7arQA31aZVS8yS6zUveWzb,CJ,artist
2NfSBtmWe7oPw1EmetJVso,Boza,artist
4yvcSjfu4PC0CYQyLy4wSq,Glass Animals,artist
0n6sKrG0xKAf8xmdqeNGke,Los Legendarios,artist
3E6xrwgnVfYCrCs0ePERDz,Wisin,artist
7jZM5w05mGhw6wTB1okhD9,ATB,artist
0u6GtibW46tFX7koQ6uNJZ,Topic,artist
5Wg2b4Mp42gicxEeDNawf7,A7S,artist
41QLxRXlc2NwfJZkHGHKid,Israel & Rodolffo,artist
0Y5tJX1MQlPlqiwlOH1tJY,Travis Scott,artist
2o08sCWF5yyo2G4DCiT7T9,HVME,artist
716NhGYqD1jl2wI1Qkgq36,Bizarrap,artist
4YYxffPVDFe9XoqqbRW6Bq,L-Gante,artist
3Apb2lGmGJaBmr0TTBJvIZ,Rusherking,artist
4m6ubhNsdwF4psNf3R8kwR,KHEA,artist
1bAftSH8umNcGZ0uyV7LMg,Duki,artist
1DxLCyH42yaHKGK3cl5bvG,Maria Becerra,artist
1vqR17Iv8VFdzure1TAXEq,Lit Killah,artist
5Y3MV9DZ0d87NnVm56qSY1,Tiago PZK,artist
1Z7q2glJYLsPpPoPIgBjdE,Papu DJ,artist
6w3SkAHYPsQ1bxV7VDlG5y,Cazzu,artist
48R2gYdPKtfnfKAzhSVPUx,Migrantes,artist
2u33e5jDELbQShERkYzBR6,Alico,artist
1M1s4ofh9rBEBWhyYsXAcn,El Mas Ladron,artist
5kfMU816qY0ujqEt3xIHqR,DT.Bilardo,artist
7HSeegdmjLYRJpkOYIaZIW,El Reja,artist
1kyy6AW7C6Rr2jrYwz95Gi,Lira,artist
2R21vXR83lH98kGeO99Y66,Anuel AA,artist
77ziqFxp5gaInVrF2lj4ht,Sech,artist
28gNT5KBp7IjEOQoevXf9N,Camilo,artist
2oQX8QiMXOyuqbcZEFsZfm,El Alfa,artist
3VHAySZQPlfGlNLslzXYpN,Nathy Peluso,artist
0tmwSHipWxN12fsoLcFU3B,Manuel Turizo,artist
07YUOmWljBTXwIseAUd9TW,Sebastian Yatra,artist
0BqURncJM5B1BBu7UM51eq,Guaynaa,artist
1aw0Cdl1DIrtUrUA6fGbAR,Dread Mar I,artist
1i8SpTcr7yvPOmcqrbnVXY,Ozuna,artist
1vyhD5VmyZ7KMfW5gqLgo5,J Balvin,artist
37230BxxYs9ksS7OkZw3IU,Chencho Corleone,artist
14zUHaJZo1mnYtn6IBRaRP,Justin Quiles,artist
1SupJlEpv7RS2tPNRaHViT,Nicky Jam,artist
52qzWdNUp6ebjcNsvgZSiC,Evaluna Montaner,artist
1r4hJ1h58CWwUQe3MxPuau,Maluma,artist
4kcQWQDK0u9AftVSpdrAgk,Luck Ra,artist
7kXCcNRLEnblbTAppPraBp,Milly,artist
329e4yvIujISKGKz1BZZbO,Farruko,artist
5hdhHgpxyniooUiQVaPxQ0,Nio Garcia,artist
2cPqdH7XMvwaBJEVjheH8g,Jay Wheeler,artist
6kq4GHwUcUojGIu0ziSNXf,Amenazzy,artist
1pQWsZQehhS4wavwh7Fnxd,Lenny Tavárez,artist
4oZolC0sCwCAKqsNXfRlVS,The La Planta,artist
2to8xMgnoxHCXPF7eWJPvg,Nestor En Bloque,artist
4SgKWjM7cJDCh2aY9H4HZf,Marka Akme,artist
6Oa7dtz85WbPv9pYDcRSDN,MOMO,artist
1l6UgL5G16tId4qoYH8qJn,Pushi,artist
3ghRXw2nUEH2THaL82hw8R,La K'onga,artist
0Xo4VFS3v07L0GwIVkZLfg,Homer El Mero Mero,artist
4VMYDCV2IEDYJArk749S6m,Daddy Yankee,artist
0eecdvMrqBftK0M1VKhaF4,CNCO,artist
1Ts9of7VPZElwPQnqnDSfW,Lyanno,artist
1KCSPY1glIKqW2TotWuXOR,P!nk,artist
0gAILSEru1PKMwP0tAqNLS,Willow Sage Hart,artist
4npEfmQ6YuiwW1GpUmaq3F,Ava Max,artist
45dkTj5sMRSjrmBSBeiHym,Tate McRae,artist
6DgP9otnZw5z6daOntINxp,Joel Corry,artist
7uMh23xWiuR7zsNkuNcm2G,MNEK,artist
2NjfBq1NflQcKSeiDooVjY,Tones And I,artist
0xRXCcSX89eobfrshSVdyu,MEDUZA,artist
5KNNVgR6LBIABRIomyCwKJ,Dermot Kennedy,artist
137W8MRPWKqSmrBGDBFSop,Wiz Khalifa,artist
67hb7towEyKvt5Z8Bx306c,Empire of the Sun,artist
6s22t5Y3prQHyaHWUN1R1C,AJR,artist
6V70yeZQCoSR2M3fyW8qiA,Spacey Jane,artist
08GQAI4eElDnROBrJRGE0X,Fleetwood Mac,artist
0eDvMgVFoNV3TpwtrVCoTj,Pop Smoke,artist
6L1XC7NrmgWRlwAeLJvVtA,Sam Fischer,artist
6S2OmqARrzebs0tKUEyXyp,Demi Lovato,artist
181bsRPaVXVlUKXrxwZfHK,Megan Thee Stallion,artist
6MPCFvOQv5cIGfw3jODMF0,Internet Money,artist
2hlmm7s2ICUX0LVIhVFlZQ,Gunna,artist
4Gso3d4CscCijv0lmajZWs,Don Toliver,artist
7rkW85dBwwrJtlHRDkJDAC,NAV,artist
5pVRwX5ZQR7hfJ18w8ZYkl,Ufo361,artist
18ISxWwWjV6rPLoVCXf1dz,RIN,artist
7ADRm1oT7VmhRRZrZqycV6,KASIMIR1441,artist
7oWrEQO1d3klp0Qrfh7a5h,badmómzjay,artist
44yXVrsMTsKGUBHZsYFZNq,WILDBWOYS,artist
13bDjug9N0pyv3ZUINjkDV,Bausa,artist
1qQLhymHXFPtP5U8KNKsm6,Apache 207,artist
03d2mJXSMtuPI0nIvLnhoS,Zoe Wees,artist
3tQzzidoPfVifoURnDfgmD,t-low,artist
6eUKZXaKkcviH0Ku9w2n3V,Ed Sheeran,artist
4AKwRarlmsUlLjIwt38NLw,Ofenbach,artist
2h6hAChW74hB9HvrNoK1RY,Quarterhead,artist
2fsk4VlJdNF6G8cCMDrrzB,Norma Jean Martine,artist
3CJKkU0XuElRT1z8rEtIYg,Luciano,artist
0bmxU94V20pNJ2Vie9kFYv,Rea Garvey,artist
09agIJMxCD2k87ys9Al0f0,VIZE,artist
46aNfN89JrOQTCy97GoCHa,Tokio Hotel,artist
3ZuBEj9ppJe8GSdKaMTfMN,Nimo,artist
3t5xRXzsuZmMDkQzgOX35S,Robin Schulz,artist
5pXe6yFchq1oyYK3rq2A8i,KIDDO,artist
1PbtWtrN7jZpd4toqxrjm2,Lagique,artist
07YZf4WDAMNwqr4jfgOZ8y,Jason Derulo,artist
1XynjLPAyPi8SZAx8LHN0Z,Nuka,artist
4WZGDpNwrC0vNQyl9QzF7d,Capital Bra,artist
4sVieJlKgpZ2k9ESNS5IdN,Jamule,artist
4mrBetqy378Jf1y6NLszlx,VINAI,artist
74GrV01oFcjJdLHCF9MWhr,VAMERO,artist
2ErWLckuGFl84nGmg5fwyG,Bilderbuch,artist
2qMezKrAKRh2Z2uR3fCqHt,PA Sports,artist
325L7kby6bkG5qSXXAFEWM,Joker Bra,artist
2NpPlwwDVYR5dIj0F31EcC,Leony,artist
2NJWI8byqTSqDaJRnqJY2z,KALIM,artist
4iiEdRlpL7LDPxa1Wa0jkj,SHINSKY x DIMA,artist
3Hvx3BM0K4FHBs9J3k8G6V,NGEE,artist
757aE44tKEUQEqRuT6GnEB,Roddy Ricch,artist
2kXKa3aAFngGz2P4GjG5w2,SCH,artist
76Pl0epAMXVXJspaSuz8im,Freeze corleone,artist
3QVolfxko2UyCOtexhVTli,Angèle,artist
1yxSLGMDHlW21z4YXirZDS,Black Eyed Peas,artist
0EmeFodog0BfCgMzAIvKQp,Shakira,artist
7hdCH3dJ27WvUbo00gAMwE,Metejoor,artist
2Zx5UnYsOJTrLB7EerhsJh,Babet,artist
5WxnXxSCyhDSyi6elhBZd4,Jaap Reesema,artist
3zGV7t4BDmYZBLVA24487b,Pommelien Thijs,artist
6HkzZenXCsrdGcqMgWJECN,Jul,artist
5TgQ66WuWkoQ2xYxaSTnVP,Netsky,artist
05lF0DUkLJqiW5o70SScyR,Hybrid Minds,artist
7jVv8c5Fj3E9VhNjxT4snq,Lil Nas X,artist
1RBzGO6Nm3uyhUSxP7EDWO,Kevin Roldan,artist
6w9ToX5slZ4uIdmD17hJ3c,Bryant Myers,artist
0XwVARXT135rw8lyw1EeWP,Christian Nodal,artist
4bw2Am3p9ji3mYsXNXtQcd,Piso 21,artist
2ydZrTy8U3kOMOzx20s3dg,DJ Nelson,artist
5lwmRuXgjX8xIwlnauTZIP,Romeo Santos,artist
6i3DxIlAqnDkwELLw4aVrx,Lele Pons,artist
6ZtLRqHEkAXPWVw0eRbDac,Jeeiph,artist
7f02bxFbZIOVdSbYRNYvLT,Jerry Di,artist
1wZtkThiXbVNtj6hee6dz9,Wisin & Yandel,artist
0NiaKn55OzJswiYevvlKfz,Raí Saia Rodada,artist
1AL2GKpmRrKXkYIcASuRFa,Wesley Safadão,artist
5Lv2GUVwqmQBPwrTrxucE5,Os Barões Da Pisadinha,artist
3k68C6mNMJL6OaAdWeW2ZF,Diego & Victor Hugo,artist
5JXhkyafynxCvxtov7C1PV,Bruno & Marrone,artist
1LIuN7ov1IBQDdLsU83ojl,Hugo & Guilherme,artist
0RPzmE1iY76tx1eBBXFyYn,DJ Ivis,artist
48HORs6F9P7IgdyKrk4MZC,Tarcísio do Acordeon,artist
487N2T9nIPEHrlTZLL3SQs,Zé Neto & Cristiano,artist
1yR65psqiazQpeM79CcGh8,Marília Mendonça,artist
1elUiq4X7pxej6FRlrEzjM,Jorge & Mateus,artist
6gLW5LlLEXdtWaS0EWfzaJ,Jorge,artist
1oSgjdbgLYULVmEBojPRw8,Fernando & Sorocaba,artist
3TJGVUkSJzk5ZPixMFczZX,Vitor Fernandes,artist
0MInKJqZscEeNc5K3K0mkE,Simone & Simaria,artist
43DRDu6nLSeIedZ7T1A616,Xand Avião,artist
5wbf52LA6kcaboHSN6NEF1,PEDRO SAMPAIO,artist
1NNT7LXreEsY7C0bHlCWDp,Daniel Caon,artist
6m6e7D2TnV0aYMllFFwMxu,Guilherme & Benuto,artist
68YeXpLt3jB7JHQS5ZjMGo,Teto,artist
5nP8x4uEFjAAmDzwOEc9b8,Matuê,artist
7MiDcPa6UiV3In7lIM71IN,Gusttavo Lima,artist
22jNvLBrXGKr4CcV2tw8Ag,Jonas Esticado,artist
1TYJOhNSxMOODWiDVhuyZb,Kawe,artist
1mV9h1AwhRXSjBFcYpajgY,Mc Lele JP,artist
2Z0lRIqr997lIUiPtrpKCr,Matheus & Kauan,artist
6xlRSRMLgZbsSNd0BMobwy,DENNIS,artist
5YwzDz4RJfTiMHS4tdR5Lf,Xamã,artist
3CDoRporvSjdzTrm99a3gi,Ludmilla,artist
7FMscVRC6dsjpDpgt1r4Hn,Jeff Costa,artist
3PZTvUS5fUUhV3EKAjqdZk,Mc Danny,artist
1OwYxVDNKP9JtSpp5E0uA4,MC Zaquin,artist
3fll16LLw6kdDxWzSpJPEQ,Malu,artist
2zWqENF4cnsd1nLmraG9IE,DJ Lucas Beat,artist
1JQLCxphQYlnbokiEvfB8o,MC Matheuzinho,artist
007FXgr0jLBJxhPJjacXQH,Eric Land,artist
4PzYKhC14sTJNEr0dzoo0d,Luísa Sonza,artist
6tzRZ39aZlNqlUzQlkuhDV,Pabllo Vittar,artist
7FNnA9vBm6EKceENgCGRMb,Anitta,artist
1WXbiUMl1AT9Inb619xPUg,BIN,artist
25XJqeReVV38w0tR04GGBd,Mainstreet,artist
0y7B2G0jNMGWyQJsOoRMUt,Ajaxx,artist
0NsJZ5PMjqghGDuMzY7CuT,Marcos & Belutti,artist
21WAvVROZ83oUvJwFTG2dH,João Bosco e Gabriel,artist
1zEo6Fk1iaaOYFlFPBHCFn,Humberto & Ronaldo,artist
4FUMTycjZlEY6ZxMgqNjC8,Tierry,artist
0pcoadNMmvrUyab1RxWBoV,MC Hariel,artist
0vLuOi2k62sHujIfplInlK,Hungria Hip Hop,artist
736JbivCkAkdLP9xOA3jLs,Th CDM,artist
1BrFcFtIp3ZqvuI5C0VcK3,MC Luan da BS,artist
4NYa9HEvARX9LXU4LRoGny,Mc Vitin do LJ,artist
0f6Q3bpuXN7TfNxeJJBd3m,MC Marley,artist
14jVHWj9dqpLhs8hHEMnyJ,MC 2jhow,artist
0MlMFTEEEk0uSwI4hYSxrq,MC Fahah,artist
6ZiGAU6TJQEyidFQ22eIOS,Mc Rennan,artist
0bzyhFojsIgDceZ4NQK9pY,Dj Nbeat,artist
6gGJH7joTDx9M3xREiAq9U,Petter Ferraz,artist
0xTWPVQfXgaj6Je1inSRKw,Menor Nico,artist
4NUePmzDvCYqilXBFa91Hg,Dilsinho,artist
3p7PcrEHaaKLJnPUGOtRlT,Henrique & Juliano,artist
3vIccdVCJt0pImyvORjoQP,ToTo H,artist
4hcbbb8RBjFjCuMhmVv1b9,Slavi Trifonov,artist
6dTTAcKWN7BmRGAmmAsdeX,Ku-Ku Band,artist
4oopAFtLdKXCoq2XoEjDZD,Krisko,artist
42APSc9etBGptl3otzihIZ,Toni Storaro,artist
4FTXvsvz433gZR67rhxFfN,Lidia,artist
09dmaVobfJspAF2KEumlH8,Konstantin,artist
4AZihrM3P96d5mA9kvsxxH,Tsvetelina Yaneva,artist
77SW9BnxLY8rJ0RciFqkHh,The Neighbourhood,artist
1UUQq3z2RCIqSE1eiP00Jv,Marso,artist
6VygwRDdLkyJFlJUVgHpF7,Fyre,artist
0msxvaLjlsLIudZFYaRFCP,Bobkata,artist
0R0fzWAz5QAKu0drOfvFsy,Tsvetina,artist
5f7VJjfbwm532GiveGC0ZK,Lil Baby,artist
6sEfX6ntbBxeWBLggUMyyq,Medi,artist
6cK3NBO6uP7hh0oyuVELFl,Saweetie,artist
5YGY8feqx7naU7z4HrwZM6,Miley Cyrus,artist
1lxHE7dVKOVaIjGOIu8svG,Emanuela,artist
3CcA9m1Ivpp5XmLt8SxUpn,Tedi Aleksandrova,artist
0k0SPGRwjkmqM1rG8nNGjW,Emrah,artist
31W5EY0aAly4Qieq6OFu6I,A Boogie Wit da Hoodie,artist
5amPFw5XVlNzP7uSKBXtai,Galin,artist
1WOWylyMYTYIkDJmKLeSpQ,Dessita,artist
696J4fiOALx5ifVKv10VbK,Adam,artist
0dzqNEf8zaVrmB4u0fUFtC,Madjuna,artist
5M7RMcbgYy45XzC51HU355,Galena,artist
6AgTAQt8XS6jRWi4sX7w49,Polo G,artist
14CHVeJGrR5xgUGQFV5BVM,Fivio Foreign,artist
3wcj11K77LjEY1PkEazffa,Burna Boy,artist
46MWeeHNVMYRIIofQBEX98,BEAM,artist
04gDigrS5kc9YWfZHwBETP,Maroon 5,artist
6USv9qhCn6zfxlBQIYJ9qs,Dominic Fike,artist
1sBkRIssrMs1AbVkOJbc7a,Rick Ross,artist
0H39MdGGX6dbnnQPt6NQkZ,SAINt JHN,artist
5rGrDvrLOV2VV8SCFVGWlj,Imanbek,artist
53XhwfbYqKCa1cC15pYq2q,Imagine Dragons,artist
5F1aAS1duwlzExnPs3l2Xe,Pooh Shiesty,artist
3hcs9uc56yIGFCSy9leWe7,Lil Durk,artist
7thOJx5gcuoJcEcaoHsPAk,El Futuro Fuera De Orbita,artist
0NnUMWDCDi1snuMja6IdxH,Harry Nach,artist
1hUvMU3Sw9PKvnwftPtx8S,La Nevula23 Productor,artist
1SiLK8gdECx2iEm2SSj0Bl,Ak4:20,artist
7rOlQwf8OuFLFQp4aydjBt,Paloma Mami,artist
1fux65HMCBvfJHqlBc4Nno,Casper Magico,artist
2oT7xd9iTO2ejLsNGIMa5f,Flow La Movie,artist
0GM7qgcRCORpGnfcN2tCiB,Tainy,artist
7bbz4y8ash42ZebCD4jgze,Yeremih NoMercy,artist
47MpMsUfWtgyIIBEFOr4FE,Lunay,artist
1WMwuNKzEFtU6pPkdtryYS,Kendo Kaponi,artist
0Q8NcsJwoCbZOHHW63su5S,Mora,artist
5TYxZTjIPqKM8K8NuP9woO,C. Tangana,artist
5IbUz6BcOu6IVY512oxavP,Niño de Elche,artist
7xtnpHS34mLlxGZDVUBHSU,La Húngara,artist
7gU9VyFRN3JWPJ5oHOil60,Tayc,artist
58wXmynHaAWI5hwlPZP3qL,Booba,artist
7J0JxtOPMKWufOraoIqjiH,JSX,artist
78Die3Gb8yaElTmGCa7m7N,Kore,artist
6Te49r3A6f5BiIgBRxH7FH,Ninho,artist
6W5uA6CNMf3hd2j4a2XWCx,Naps,artist
19u3RGWKsjmbg9eI6zAiNp,13 Organisé,artist
5RaQ9nmVGoTye2SI76x3yw,Kofs,artist
3IW7ScrzXmPvZhB27hmfgy,Jul,artist
0oeiA5U9u1U45Gos5cywUU,Soso Maness,artist
2IoSLl3tqYMq9DzR0d6NJN,Elams,artist
7FXX45sHqoQoCwqtG0ZV8H,Solda,artist
6zrOXBaNn0DqJeXxgC2eyH,Houari,artist
15jZ8OLtnGATWHlQkltG7f,Amel Bent,artist
05hirnMeVIzCrcUxbrysZU,Hatik,artist
5nH2klYTzn8CNvUv1GOGQO,Eva,artist
2kIs76sEGiulKeqetZq6ua,Jok'air,artist
5gqmbbfjcikQBzPB5Hv13I,Gazo,artist
3vUMXQ9kPnZAQkMkZZ7Hfh,Tiakola,artist
1f1DjtYgH6yBzBSiGteBJl,Were-vana,artist
4fDx6CTJ4KWhnAg6TvwmWe,Serge Ibaka,artist
2EFpb61Lpi0l5ldOiqbZkK,Landy,artist
5WUlDfRSoLAfcVSX1WnrxN,Sia,artist
46wEUZyujVrFSrdCnTKQmV,Marwa Loud,artist
66Ok6bgC570sHkw08N20pZ,OBOY,artist
1Cs0zKBU1kc0i8ypK3B9ai,David Guetta,artist
0fA0VVWsXO9YnASrzqfmYu,Kid Cudi,artist
2rEVnwCPBeGkWMv425KoG1,AYLIVA,artist
3nDNDLcZuSto4k9u4AbcLB,Marteria,artist
12xme1fwd3iGEW7rF9b6tp,Wincent Weiss,artist
2XnY6NZ6rENbLMYabjkRey,Toby Romeo,artist
4bL2B6hmLlMWnUEZnorEtG,Felix Jaehn,artist
49T8i1paijMAK9rYtjO4lu,FAULHABER,artist
6h1s4i4XKIYv4ErDelLDN0,Samra,artist
4unaJKYfY4B51exXVQSilo,TOPIC42,artist
39KEQQAG9JhIt71g9NEVhh,Azet,artist
4lDiJcOJ2GLCK6p9q5BgfK,Kontra K,artist
3tvtGR8HzMHDbkLeZrFiBI,Terence Lam,artist
5jewGMrZtMNJk5OsZ61Cpo,Edan 呂爵安,artist
2MVfNjocvNrE03cQuxpsWK,Hins Cheung,artist
1SCaQu3jTbcKIjy8aC7KHa,Jace Chan,artist
2QcZxAgcs2I1q7CtCkl6MI,Eason Chan,artist
2JBUyLiFvpFPWdZGqIGYLD,Crowd Lu,artist
6V1SwiosQqf5XvmoTMCGa9,Dear Jane,artist
5r0xeBSRKRJ5Dm63XzTZhE,Endy Chow,artist
3oONGjPFxkb1rqTtFx8fl2,ToNick,artist
2zzKlxMsKTPMsZacZCPRNA,Joey Yung,artist
6f4srX54JFrLNK4aTJe2Sc,Ren Ran,artist
6jlz5QSUqbKE4vnzo2qfP1,Karen Mok,artist
3TtgOeQcNkf9WVDA4xPBJM,831,artist
7t5H3uQv0Zw6cQUnSTF5BB,Brave Girls,artist
64tJ2EAv1R6UaZqc4iOCyj,YOASOBI,artist
3HqSLMAZ3g3d5poNaI7GOU,IU,artist
41MozSoPIsD1dJM0CLPjZF,BLACKPINK,artist
1qW9Pi35NXnu7Q8KWyVYe6,陳卓賢 Ian,artist
1VSepPOw3REo0L6LFeii0Q,Yan Ting,artist
0DwdA5ZgTJcIQ2uIhc110D,姜濤,artist
0u3m5Sy2zsq4Gk0aduH9s7,Serrini,artist
1DgBVE3lCnC7Osg9zpAt6N,Charmaine Fong,artist
1IDuSpntFl2Mutofvrrutc,Jason Chan,artist
0ixzjrK1wkN2zWBXt3VW3W,優里,artist
7jGn8qhLb48n7yMMNfAoHv,Awesome City Club,artist
6mEQK9m2krja6X1cfsAjfl,Ado,artist
7lbSsjYACZHn1MSDXPxNF2,Hikaru Utada,artist
0blbVefuxOGltDBa00dspv,LiSA,artist
6n4SsAp5VjvIBg3s9QCcPX,Masaki Suda,artist
58oPVy7oihAEXE0Ott6JOf,Eve,artist
7kOrrFIBIBc8uCu2zbxbLv,yama,artist
7JthQ6zwNzfxRfIEjp6wUs,HIRAIDAI,artist
3BjFX1nExMNHvSaoLd1I1k,Takaya Kawasaki,artist
5kVZa4lFUmAQlBogl1fkd6,Aimyon,artist
2IUl3m1H1EQ7QfNbNWvgru,Vaundy,artist
0jJmZHZHNe8n24Y33z5Nil,DISH//,artist
3z8diLlUCkN1j9N9ZdnfBJ,NiziU,artist
5Vo1hnCRmCM6M4thZCInCj,Official HIGE DANdism,artist
38WbKH6oKAZskBhqDFA8Uj,ZUTOMAYO,artist
0jWCX6zp4RjWrmZRxJ2uri,Novelbright,artist
1snhtMLeb2DYoMOcVbb8iB,Kenshi Yonezu,artist
6wxfx1yhyqjCPYwwxJktR2,King Gnu,artist
2sd5k8N8cAOm6Q8OCcePw4,Rin音,artist
31iJDnqpS43YIG18nTFx14,RhymeTube,artist
7HwzlRPa9Ad0I8rK0FPzzK,SEKAI NO OWARI,artist
4QvgGvpgzgyUOo8Yp8LDm9,Mrs. GREEN APPLE,artist
71hQB5jxdNiHk5gzZRhicQ,Sonoko Inoue,artist
32QmJ5obSke8YKDbQvVPUx,Eito,artist
4UK2Lzi6fBfUi9rpDt6cik,ヨルシカ,artist
1t17z3vfuc82cxSDMrvryJ,Macaroni Empitsu,artist
1wJL6nbdvPwqPYuoqiw5aN,オレンジスパイニクラブ,artist
1S2S00lgLYLGHWA44qGEUs,Gen Hoshino,artist
0B1ce3uNrzkdm76NXI4mhX,Tani Yuuki,artist
6le80R1opKnTlP4o3KvA2k,Uru,artist
0my6Pg4I28dVcZLSpAkqhv,El Fantasma,artist
25UNJbwGZSQKvz5cPLWlv3,Los Dos Carnales,artist
1dKdetem2xEmjgvyymzytS,Grupo Firme,artist
66ihevNkSYNzRAl44dx6jJ,Carin Leon,artist
3hTffafUYLLgO4yuPAxb5U,Lenin Ramírez,artist
3abT87tqQ4Q5PA5nw6CYyH,Ángela Aguilar,artist
2C6i0I5RiGzDKN9IAF8reh,Banda MS de Sergio Lizárraga,artist
6cnl6Jz97730GUS8zEAK77,Los Plebes del Rancho de Ariel Camacho,artist
0OhiQFSqbnnmB52NWEpsO5,Mi Banda El Mexicano,artist
1W7FNibLa0O0b572tB2w7t,Pink Sweat$,artist
3gIRvgZssIb9aiirIg0nI3,Jeremy Zucker,artist
5JMLG56F1X5mFmWNmS0iAp,Chelsea Cutler,artist
20DZAfCuP1TKZl5KcY7z3Q,SLANDER,artist
6d0ZjIp5L7Ygy2l02HskRX,Dylan Matthew,artist
4Uc8Dsxct0oMqx0P6i60ea,Conan Gray,artist
5fEQLwq1BWWQNR8GzhOIvi,Eric Chou,artist
2NJLAUSe3Ifk9MiHbddRAi,大籽,artist
1SZdTuxme3mOk0D9pUFrET,En,artist
4IWBUUAFIplrNtaOHcJPRM,James Arthur,artist
2elBjNSdBE2Y3f0j1mjrql,Jay Chou,artist
6H93wOohK6r1MwGh41Z4Nb,阿信,artist
7n2wHs1TKAczGzO7Dd2rGr,Shawn Mendes,artist
0ebNdVaOfp6N0oZ1guIxM8,SUGA,artist
2hRQKC0gqlZGPrmUKbcchR,SHINee,artist
7IEhlwWQA7pCkEvzwwHehE,ASH ISLAND,artist
6MoXcK2GyGg7FIyxPU5yW6,SUNMI,artist
26VFTg2z8YR0cCuwLzESi2,Halsey,artist
6N7b9mUVwn885jI7RRg8no,Miranni,artist
7u2Nz7Bj2vbCps9AH5q6do,Munchman,artist
32wJE7JooXm59HxYhy7caU,Khundi Panda,artist
1UIxKzYZnlJeF9siZ6IE1f,MUSHVENOM,artist
0Ch0t9gI47Lkal71uQnmV3,JUSTHIS,artist
5r1tUTxVSgvBHnoDuDODPH,IZ*ONE,artist
2TcrjcSngRPpgZxmIlPdym,Busta 929,artist
14MDqT8L01RPVlJc0BqLLA,Mpura,artist
7ewc3ni3IAtqLygEnDi66K,Zuma,artist
1nVEvn7RMNxj27rn0WE13E,Mr JazziQ,artist
1eQJUHJRurFXGd3j8i8W4x,Lady Du,artist
6ucYQLJMMVyN1nO4GebaV2,Reece Madlisa,artist
414pDI8Y502owCbg7U6Skf,Musa Keys,artist
4QkKUb73NVonTlAZaShsuY,Sir Trill,artist
3qo2q05gFa09MXrEZltr7q,Nobantu Vilakazi,artist
3ciriYzsPraVHAuNLA1ylh,Dj Obza,artist
6Z5VQ8F6nxj5FzwYjeNC4h,Nkosazana,artist
2eg1CxsZjnfjNO1O2LDk8X,DJ Freetz,artist
1bNjWBFWsAAzZSR59lRdpR,Kabza De Small,artist
6fHE8xZBCxzwer9DIbOmv4,Boohle,artist
7hdf9DSpgCpqVh03Ql1LKe,Blaq Diamond,artist
1w2P5nNsO5W7FYq2Oui0cM,De Mthuda,artist
25uuaH9QdKIygoWTDzKuve,Da Muziqal Chef,artist
53ZXQRpE0KfS0GRrgctR4R,Killer Kau,artist
51XZXIYXtQKFhJ8aQKk1if,Reece Madlisa,artist
5oEGngZTsEKSaImCUNERCR,Zuma,artist
0bklXcSWnh72t6Uo1RPeGA,ThackzinDJ,artist
1roTzbKGDx7ZFBA5oibNPW,9umba,artist
1lDWyPzSZOqP5jfZNm5lLI,DJ Stokie,artist
5wVRDS1b9ZMXN6VKEl8f9b,Masterpiece YVK,artist
3kyJLSOihpXaaR1NBK42pd,Madumane,artist
6c7bGIcrxaMdYSn6htbHj0,Mi Casa,artist
71lldVkx3POgVXXTe5Pqoa,Junior De Rocka,artist
41uk6Pr8mGHGkxK79hgF9X,Mellow,artist
3RUkVCv0E5vkTbR2g4NmEz,Sleazy,artist
3Oa0mJQWQrUOqJ8fcLuu7l,DBN Gogo,artist
3sznqsdJNWJ0pz21q6kTrQ,Seekay,artist
1Xsc9W40JwWXHxlsym2Vpn,Miano,artist
5803cw4KZi2vLtcKxRJV8F,20ty Soundz,artist
3SozjO3Lat463tQICI9LcE,Tyla,artist
1XQiB7Gp309l4aHhzgGIlY,Kooldrink,artist
0TMvoNR0AIJV138mHY6jdE,sanah,artist
5XGkLMcwitYFdwroktQs7o,Vito Bambino,artist
4rneSQYWhgIT9pMX2NwpeM,Ekipa,artist
0iBTVnJ1Sff92zCDujfvyJ,Young Leosia,artist
7uWyXPJ04ihdQdYGGw3xVV,Guzior,artist
7BIHYaTeyOxOKV7EyHF0Z4,Oskar83,artist
1oxn6cQ37twQ7yGnlE3ETd,Oki,artist
1yq2JzsqbzFbJ1B7wGOXLc,Young Igi,artist
4zvO09rVUIVTeALhs6xLoB,Otsochodzi,artist
5VnJPtvfHh4fPlHDzXjvLP,OIO,artist
154o9Wi0JpSDbYQPMtmpd5,Wiatr,artist
56VhOZOF6hwqrbNYwkmcsH,Sobel,artist
6cAstWrYVb1BxHyRQJJskF,be vis,artist
1fZAAHNWdSM5gqbi9o5iEA,Chivas,artist
4nPxrGG7k7aEKmNLsfX4cd,White 2115,artist
3OFZwEYEAKMEmUheZ8TKso,Magiera,artist
0QR764k0D36npmTMWx5bft,Żabson,artist
2IHoZ3RrDJIikMRsYgHjhy,Kizo,artist
0x4xJCGDyTlKr47RF2WXzu,Trill Pem,artist
44FnIf8PhG6EQRIoENsXu3,Janusz Walczuk,artist
7v49oVVUhvIQG5EK0jkcF7,PRO8L3M,artist
6QfFTZJHFSe9Xyes6DkAli,Reto,artist
0WDJa0qnagyOnMaiD26wht,Kubi Producent,artist
79b4a4Bg30Y0RlO5de5jni,Alberto,artist
4nRJJWVfbPAULHZl7VYVE8,OLEK,artist
1fxbULcd6ryMNc1usHoP0R,Quebonafide,artist
6NUBt2nj5uT4iLLTIMRxra,Duit,artist
0tdKRrbItnLj40yUFi23jx,Daria Zawiałow,artist
4iHE8t7vhPwUX0TrF4cETN,Maro Music,artist
4CrDEHL7ysNabeYvL3xjUX,Skytech,artist
0LX2VNf5w4iOHW1yyIqb74,Bedoes,artist
7afPAbg5jb45KFUSnHIMFG,Lanek,artist
1Kjs5u8GQf6zCFdTj6SI9E,Malik Montana,artist
6SjpwkrjfsNRKajDG4rDbJ,Tovaritch,artist
3gm9b6AeMf2eGQTLashkDt,Deemz,artist
4Q3xLVaD2uBZGVxmCYuSkt,Kabe,artist
001oyhl94fb7YKL6fVqHOo,Opiat,artist
3B6UKFIsDwnJUKlJp7qQyU,Hodak,artist
0awWNjR5qmSZsQVFAo2NsR,2K,artist
7CJgLPEqiIRuneZSolpawQ,Taco Hemingway,artist
5AmZdY72O0NVE0XxWdMfxv,Wac Toja,artist
1silJqJQfrrZNFvWWjAyhh,Tymek,artist
39ycziDyXzRblGDq5L243I,Kuba Karaś,artist
7Myky2n7ro7FEMaf0HyHtE,Urbanski,artist
1KoIf5DUkzaITPCCKAhgKe,Kacper Blonsky,artist
0MIG6gMcQTSvFbKvUwK0id,Mata,artist
3Mnrb43jb3hiASpyCvaZpy,Qry,artist
16TsNPlesuA1R9kPLS6nta,Favst,artist
1T4HxOYolAEb5PadIVKdWZ,Gibbs,artist
3U5Oag04Yl2WnvPULOlsMD,Kukon,artist
4a6rcjvQs6YOwK5sVlybKV,Kaka Azraff,artist
3O7w6MOsgE4B0oAUcE9RlE,Noki,artist
63PZAg9EDmsVpftrqz1uih,LOCA B,artist
0J1gUosYaFbrSG6FkbE4c7,Haqiem Rusli,artist
2UHBgxDvOBaIY7hQ8CEAmW,Anneth,artist
48FNCGA8dKjcsfTO3TMcAV,Aina Abdul,artist
5PCDJjJ5dx6Py83CvfvRIO,Naim Daniel,artist
5Plk4JdCzMxhAHSRTEsxJp,Ernie Zakri,artist
3l0CmX0FuQjFxr8SK7Vqag,Clairo,artist
1Jvj122gN1QiaYUrNhn3Fq,Iman Troye,artist
06RrXcTszCm5il0HKCD3Dh,K-Clique,artist
22d6nqxq33gYU50eC0YV37,Aj,artist
2jnIB6XdLvnJUeNTy5A0J2,Why Don't We,artist
2LRoIwlKmHjgvigdNGBHNo,Feid,artist
51XrH5fQP2oIQynuKxSWcW,Sky Rompiendo,artist
3OcvS8PzSGYMBvLdzY6g3e,Silvestre Dangond,artist
7a0XAaPaK2aDSqa8p3QnC7,Beéle,artist
2T1aUibqR2QC2sINIDQOAK,Mambo Kingz,artist
64aJYyrXljOodnUG6jvhRD,DJ Luian,artist
1TtXnWcUs0FCkaZDPGYHdf,Darell,artist
2eBqkaIfoNsOPCQCQEy5fD,Benny Jamz,artist
2KbikmQKGiUPR2ARs1h0sq,Gilli,artist
2d7AMvzFwh5wUTuqQl3BAE,KESI,artist
2X22Hm97hQA8mFjSrn2foA,B.O.C,artist
03WNJB1zKyqW8DimkHP4Bg,NODE,artist
0BecZI4vqLoN178y3f16XJ,RH,artist
1YwMnnHvnG64fJxYSVwmN6,Branco,artist
7EJcUkbBsR4kN822bEa0ZS,Jamaika,artist
3tNPDodRNuLdezJnTsYOqy,Dree Low,artist
7Ap8xCd7d0xon5XnkLvn4i,KIDD,artist
5SwsSD9zyWaWeVyK9qIW9l,Lord Siva,artist
7EuzcvdfScUqksgKfyN7J0,Fyr Og Flamme,artist
7wy9Plp8SD5l3LDuJubTcv,Jimilian,artist
0i7DYzkG8u0ScquFnDUuvT,Cheff Records,artist
4nXezpatStChCEWVvYLjd5,TopGunn,artist
6l2TcYHKMr6XQn5hxfD48E,Klumben,artist
36mHwYa65L0WZbAXY2iSGw,ELOQ,artist
6idjJt47PjFydVRrAlNw4C,Hans Philip,artist
1IWMpdsWQeTckTQSGVNj8N,Fouli,artist
7wrulS1dfanckBnoxxEuS6,Scarlet Pleasure,artist
25u4wHJWxCA9vO0CzxAbK7,Lukas Graham,artist
3RYYha3CC7js2PHbcBHewt,ICEKIID,artist
1WO1hFAkFbeo9tV3uVX7Dy,A1 x J1,artist
1zNqDE7qDGCsyzJwohVaoX,Anne-Marie,artist
1nzgtKYFckznkcVMR3Gg4z,KSI,artist
5fyDppLDl1juIu1BcUT5zh,Digital Farm Animals,artist
5KKpBU5eC2tJDzf0wmlRp2,RAYE,artist
5H4yInM5zmHqpKIoMNAx4r,Central Cee,artist
6Ad91Jof8Niiw0lGLLi3NW,YUNGBLUD,artist
2s7Oijd4mFGgEkhYJtf3sJ,Shane Codd,artist
2PJEagPIxaBugeMjIyKVXF,Aitch,artist
5SHxzwjek1Pipl1Yk11UHv,Tom Grennan,artist
6YCM9JwkqdEFQSzztmh4Kb,Navos,artist
0C0XlULifJtAgn6ZNCW2eu,The Killers,artist
4IJczjB0fJ04gs4uvP0Fli,Gym Class Heroes,artist
3e7awlrlDSwF3iM0WBjGMp,Little Mix,artist
51DevdOxIJin6DB1FXJpD1,UZI,artist
2aZlYOswKNlrwqpuTsckKd,Madrigal,artist
2h1EEQ0lD01lPKDRGisvL4,Tuğkan,artist
3tJELJoPZ4VTKmL0vppqLj,Contra,artist
1lMEWvvUlwzQ5OKB4w1HTn,Perdenin Ardındakiler,artist
7k6KVFItaU7pcBvL6poIi9,Mark Eliyahu,artist
50z4meqYMvVCXEv2jDneDN,Tuğçe Kandemir,artist
6h5P3J0j1x2lhiDk9w4deZ,Eypio,artist
15AZJFNrXtIN4Nk8BIOnS2,Batuflex,artist
6CPZWzcKiOKkHn4L2XI4i2,cakal,artist
2y1VzMKAa5nmfXKtJL9jnj,Murda,artist
5wyWp867LWGjFmYZXVSFnZ,MERO,artist
4Bdqzh78prwuqwInMb555P,Pinhani,artist
1Fg19vpUJpAAPFjnKaVYVW,Reynmen,artist
1nFJWl30l3PAHei86OxN0i,Oğuzhan Koç,artist
6q1sTU51oryTTcWTPTd0VC,BEGE,artist
1zofEGCCvRwAdhetK573gb,emir taha,artist
4hjJDrv2KkIEW1AslTEtv3,İkilem,artist
23Q5T7JtqekFJMbC0XKxnh,Diyar Pala,artist
1qZ684TB9E1BjH58btdtYd,Buray,artist
5JJc8is4VzgOz8ZanDj18J,Arem Ozguc,artist
4xklx5DAtVru5uf3vSXTgf,Arman Aydin,artist
0L3wrFI3QcbXAvFL7IaPQX,Güneş,artist
6SuvCvIgTchPW2bcuXSKzM,Kerimcan Durmaz,artist
7BJjzi0JHyDHAsmVe21dGa,Serdar Ortaç,artist
6LnJKrtFnTEGdbWQ2riWCL,Ezhel,artist
1dpqJqIuNqideTvmxBsSku,Mabel Matiz,artist
4HSiNCPhdU2snKaVJytlUM,Zen-G,artist
7yiLonxrJVgZKSbjo0gh6V,Bayhan,artist
0w92tV1EQp7sxly7UjGR4P,Evdeki Saat,artist
2boacFGRX1WIo7NFS8B0F2,Gazapizm,artist
0wCKNMsqYasJBFVagjay49,Hadise,artist
4Vr0nv4nM4aqWfj76zDTTp,Yaşlı Amca,artist
25gzpFRLdteuie1gW4a4hK,Sakiler,artist
2r8iLFeSTuOiZualHmSXxS,Patron,artist
5FqTuN42w2zGw4Pzd50yaS,Reckol,artist
2AWUCT9xtcvkjpFq1ZgpPj,Cem Adrian,artist
03cvjFEHz8eGwYHq1L0Pp2,Kaan Boşnak,artist
4fR3W8XFXsqHB8f8IqEr1y,No.1,artist
5IAxUWLiTMsvc1oWPrczNj,Melek Mosso,artist
5G3OUmDl3R4rEn9zSWZTpw,Lia Shine,artist
0U8sdaBYsYld98xOIX1nYB,Ahiyan,artist
4XP7cGw4t8BqZ8Du5q3bHg,Emir Can İğrek,artist
7gobcoscOfsY0nOeqqFzvU,Yüzyüzeyken Konuşuruz,artist
3cNwyF5SboOs9icz2XyotE,Mustafa Ceceli,artist
35ngoeYRyOveM0rPvahkot,Ekin Uzunlar,artist
6dOAGo4z0syiCjbnlh4VSO,Critical,artist
0FUsrstJwmg4WVHQMTYuUA,Şehinşah,artist
1eQzZsJAtBVhN9WP62oXM2,Xir,artist
0T49oz78JYl4FkVJPGlJiD,Gama WNTD,artist
4p2ytjUztJseG5ujVkv5Po,FRANKIEONTHEGUITAR,artist
7crp1tZcefnjT5RuL6WZQ0,Slow J,artist
1pPbDeOdNUcLq32HTTLbZm,Ivandro,artist
2swvbEAfN70ZFcQB4Y7MaS,Richie Campbell,artist
6XjHGcba7ZbaZ6nYtwhaCj,Gson,artist
0kjGPGtoyKwKVOZAKmv5K6,Giulia Be,artist
3qvcCP2J0fWi0m0uQDUf6r,Luan Santana,artist
7BcPoZhXI08icbiq1mpxFx,Domingues,artist
0Dx6HmR7Rhi8G1osUOxAew,Yuri NR5,artist
6PIIKavZx20FlVKyIvb4Um,Calema,artist
5jfz7uWPwf03hdEewW8AI8,Wet Bed Gang,artist
39HJXjH5hKcCzaU0g6mv8G,Plutónio,artist
6QHREBOQktWsYBfrxW93rk,T-Rex,artist
2e8RAcYXYt5IStoaaQWcG8,Greg Ferreira,artist
0DxsiYPUEWLY4HjaUDM8Lk,Rony Fuego,artist
2DEfqyWjAMIfKYMXb1V8L1,Nenny,artist
1qMTgrvxRRHO3rflIONsCP,Fumaxa,artist
7kR1Yw4RqYhhDD3a8QRyG6,Julinho Ksd,artist
4cG43cUBRJWWDsRh4SW48i,Viktor Sheen,artist
721o1Z0J6jQupyzLt9RnEk,Yzomandias,artist
6gvVFtkTV4OCyQSCzGgU1h,Nik Tendo,artist
1JdsdDwTcng1Iw8IYEw4Ko,Vercetti CG,artist
4b19vuzlDcNdU4quI7L6sW,ElyOtto,artist
5lEkQtWa3UKlI1hj7sktcd,Calin,artist
2AHugDX8XYbm2SNxbvptQW,Hasan,artist
5m2pDQbSRuWbxRR1FUcHle,Mirai,artist
1bpca6RQE5kp92pIwPMBE8,Ben Cristovao,artist
0ql0Aw24KJaMeOVlwadzFE,fiedlerski,artist
2A3rmRL2kja5NoroAGdZPb,STEIN27,artist
145RezaSLWGxp3SLnAcHPr,Earth,artist
28oxY7ZfDt1BJFf8FVfpEh,Robin Zoot,artist
6h21bjxQyGzWnFuHSgUuKg,Shaka CG,artist
1VYGcdpoaFPzLGZIdST4u0,Forest Blunt,artist
0ZDbrXYXNaO94VjgXjdFh7,Wohnout,artist
2L3W8TmknCpxsOCiZQixyl,Ego,artist
7gQ6tkspAoOOoDaCuVcSwH,Sima,artist
7ur9H6w9OqIgWrmM2GUWuB,Axel Rulay,artist
0dxkgaBNqak7UBqLB1sZrQ,Verbo Flow,artist
5UopXhshFFqRIMfeZrBclq,Ceky Viciny,artist
4tM8sp8yDce3Km1pYHQb6Y,MelyMel,artist
4UcGO4hOufILa9qGd3KOCo,La Perversa,artist
4ncaw2cfA3Wlly1tBD2eWt,Yailin la Mas Viral,artist
53cVnpkm8dTmf20tssYSNF,Shadow Blow,artist
2iI5KWXLjw1tqLQsdjuo0e,Chael Produciendo,artist
4yxglAiH5h8Db7TmN0MUr5,Ghetto,artist
1AACxWCwNIa3ecOBQJnXRV,Nino Freestyle,artist
2qHuI4Avg4Dbowhu8whV9e,El Fecho RD,artist
2HPjwOl5k2CHqjHyjtsdDe,You R,artist
39FKVjqhZLz4E1iG77d5AO,Dowba Montana,artist
2p4aN0Uxkk3iT3HK0cJ2cJ,Tokischa,artist
1tfhFc2Y8iplDKCteuXjCY,El Cherry Scom,artist
4xe6s55EDjpRpyZsrFoiWh,Haraca Kiko,artist
5aLj5IRxvva53OuUpNQO7K,El Panda 15,artist
4TxFZEk9YEPGUBrXPNwSpb,El Chuky De Lewa,artist
1GKIlPFdcewHtpDVCQ8zmJ,Brray,artist
3Wb38LDP3N4tkobValgE9D,Juanka,artist
6HqgxkTt9KGyt27zYrwVan,Super Yei,artist
6wcKDqJRY3TzbcdRKo6EiE,Jone Quest,artist
71FfEgML4GAokNHmW1GKPF,Sammy,artist
11YLRSsZA3YVuQQtHXKTlz,Rafa Pabön,artist
7j6Zzcpz7gTNPh69USgO8C,Jüri Pootsmann,artist
2cNMMulo6S2a0tHrwX2s6i,Nublu,artist
79Pc4RR5E625J7dK543jDw,Mikael Gabriel,artist
5LWs2DNQhJXiG6X2o4XUpQ,gameboy tetris,artist
6Z3GmozKVgFxFcP2Qzp0Fp,Raul Ojamaa,artist
3gDHpjemovd3LuV3tHgjOq,Smilers,artist
2rdUWyphqOltYR6zPaMPrU,Liis Lemsalu,artist
4PLGCdwxxGsxNXX7G7Spug,STEFAN,artist
3lpAVEsShIfqY7OTfkzA43,Buck Fuddi,artist
6acByqWJeuaM0TX5VoY6an,5MIINUST,artist
2MLT9mFQ7sikVVqUx0tPry,Hendrik Sal-Saller,artist
2ZbuL9QHBvRoB61NSaI35E,Andrei Zevakin,artist
3BtEY5R06YAu1KVF2rvNjg,Pluuto,artist
6TIYQ3jFPwQSRmorSezPxX,Machine Gun Kelly,artist
7yntSJ6uojO3z6GFUVwhAW,CORPSE,artist
0e86yPdC41PGRkLp2Q1Bph,Mother Mother,artist
55jryyk7RhvMbrvoF0ndBh,SLAVA MARLOW,artist
0XNKQFs2Ewb3y0VsFUFc5l,MORGENSHTERN,artist
4mWdGXvLBhz5i2Qe5swRXb,Yung Trappa,artist
5rr7mN0kRk6dsm1DVwRBFx,Pitsa,artist
4vnAcwsYeJD9QcQsowEuKN,Reket,artist
1LsT8mVsiQAq4d4OmYaxxh,kohver,artist
0MjPNmazpZOmBH1nOMaeQY,boipepperoni,artist
6wN4QyhoM6fN49kEB25rnl,SNIK,artist
0WxSlQlue0fq99fXfGBmxA,Fy,artist
1UdbiTrv73Dp7F0s3OHmn2,Light,artist
0vUcZVCNG7i5OV0zb8Icfw,Hawk,artist
4YiKEuOS5GwMujJMkIPGFN,RICTA,artist
7bg4UOzqHiULOABzTycGyX,Immune,artist
0OFppp8Z3TaehuqGoC6BD1,Savv,artist
5VzicjuhIv0IwMz15hEORa,VLOSPA,artist
3KcZf8BFeFBtnGyOZmUggd,Mad Clip,artist
0ydmHwy5hFIaJEoZWWcKxC,Sapranov,artist
6YYOTK6Qyv6PuFipPxCCoe,Rack,artist
6nidPawoE1wPgAtFmeyXyR,Ortiz,artist
0JDrljGBQpzIKFIcZ4R1H4,Dani Gambino,artist
6SWOdiks4Ac3lMM8NCqDm0,MG,artist
0fxvzvlu3VQV3wDIhAxBmn,DJ Stephan,artist
5q2IdmHx3SBYq1l5IixqTZ,Leaderbrain,artist
7siPnM6FjNP8KnXO5YDwAH,Mente Fuerte,artist
1zeAbUJAbLOWeYpgRVnYmu,FLY LO,artist
2CeSpJpSDU42CUgPdGfyo0,Thug Slime,artist
45FQfgBXKsdtElNqmKeJTC,Mef,artist
09admC8JPSuizanrDUzWtd,GAMEBOY,artist
48pDK4NOqLtJxn5AAKVUra,YT,artist
0MyAm8pgx6zC6FGXUHHoUj,Dj The Boy,artist
7zYmrye7LvmpMkfHWrENu9,Mike G,artist
0VGybH10ziMPo99SYOwMoQ,Tamta,artist
2t6NEGChLyMUnGnW1LupcS,Mani,artist
1tHNXjqv2f4qfAldD1hF5I,Fi Vita Sigma,artist
7c1CwrwA6sF60lCa7OwP0F,Wicca,artist
48h12D3cJbqfn1ReVL9qbw,Strat,artist
7BXe1v4YJm7R5wg2ioeA1q,Dirty Harry,artist
7AWAljMatr7bxddF4kWzXG,TOQUEL,artist
2ra3quFhImLyv0c9XTnWFl,Melisses,artist
4L8CheDFALlOzgUygvWblJ,DJ Kas,artist
474u1cnCRF41ym7ZNBddcc,Nemazalány,artist
36iInicUixdGClV7bnMvTW,Sofi,artist
6EIriUxo7vznEgJtTDlXpq,Azahriah,artist
5NydObjtRsTiElOzm5vmgs,DESH,artist
5ALUgNuS421MZrrrAhM9Bv,Bruno X Spacc,artist
1O4dvMoyQSIClCii6DSai8,Manuel,artist
3PMRY3PR5xAe5UpRfPPuaG,Dzsúdló,artist
0CJxR2iBZb64SRwApcj2Ev,Lil Frakk,artist
7ACEUD7UsmmXrnj4OLt8f9,twocolors,artist
4vQW9JcctfeFaBjmGPr8h0,DR BRS,artist
0Cw3CfY5WSyltweEK71keH,Berkes Olivér,artist
1vpC76RZf9ndFkOEB7agn9,Bagossy Brothers Company,artist
3RDALl5RyRDHPryF1uyWwG,T. Danny,artist
1snweZ1pZSYrpF1O05SDbz,Rácz Gergõ,artist
68Jq7F4V4Cpi8HMfWJUyei,Orsovai Reni,artist
1UIPahyz7pEKaU6RQvU3FC,Follow The Flow,artist
5iAyJ9oWG7fGCxppLihaZa,Lotfi Begi,artist
35BhE5C6szF898n5WgUSgO,Burai,artist
2ot1BrqrtRXWOgvlv4PxLl,Bassi Maraj,artist
0MtTfq27LQu7CmE5t308Up,Bubbi Morthens,artist
6opz1Ax3VqCmeQBGax1erx,BRÍET,artist
3Hb64DQZIhDCgyHKrzBXOL,Daði Freyr,artist
2mgonCuv2QEZZbPOatCbyu,Jón Jónsson,artist
1FvIWbYLm8dBezbdjucrZb,GDRN,artist
7FRQP6Ivwv3DQCLxpR3I6Z,Birnir,artist
4YnmlfVdziLiqFQtQ4zTcq,Páll Óskar,artist
0hHSuSCpKFLU5twpJNTO3t,Friðrik Dór,artist
4ynaUZA4BVF6d2XaNuflVz,Ingi Bauer,artist
1tNJibl39hvCIVSnGaiwx5,Hafdís Huld,artist
21SqAOtuXFpwygK1GNxjTm,Auður,artist
2OsysEFABxUiubXfbfmrWF,Unnsteinn,artist
1tqysapcCh1lWEAc9dIFpa,Jubin Nautiyal,artist
4f7KfxeHq9BiylGmyXepGt,Tanishk Bagchi,artist
5HcunTidTUrOaf8V0iJcvl,Nusrat Fateh Ali Khan,artist
44oMI9xI4kcCub3qbpYPdb,Emraan Hashmi,artist
6LEG9Ld1aLImEFEVHdWNSB,AP Dhillon,artist
4vvW590Gq8dNWsP5BM9FkS,Gminxr,artist
5DHi2MeoRgAwPE0A0qwRMl,Gurinder Gill,artist
6aQfrWHwAcuY8IYItbChZh,Shinda Kahlon,artist
77YvCBWe0tTLygpgSJsdOH,Dhee,artist
7rVV9d6vc4FLT752uRuk71,Arivu,artist
5FVBduYaeVBb6JIghza7v6,Santhosh Narayanan,artist
1mBydYMVBECdDmMfE2sEUO,Sachin-Jigar,artist
15UQcr22jcc6DJjy3sLv3J,Rashmeet Kaur,artist
6SZBqn91m2QZDcbzmHUFPP,Shamur,artist
7pauOFC9bRqioSX30AvNkG,IP Singh,artist
1wRPtKGflJrBx9BmLsSwlU,Pritam,artist
4YRxDV8wJFPHPTeXepOstw,Arijit Singh,artist
3gBKY0y3dFFVRqicLnVZYz,Alka Yagnik,artist
7uIbLdzzSEqnX0Pkrb56cR,Yo Yo Honey Singh,artist
5f4QpKfy7ptCHwTqspnSJI,Neha Kakkar,artist
1UhspKnJSXSz6I0pFtZhuy,Nushrratt Bharuccha,artist
1ZChN8G1Y7CJ0TXbrvblwS,Asim Azhar,artist
7xyGjFQhwVUrjYeGTzehMG,Zenab Fatimah Sultan,artist
4A2XSc4OJjuPY4l6NjnrDj,Ram Miriyala,artist
5FOhBMFQo0pDhvISlFmxdi,Radhan,artist
72beYOeW2sb2yfcS4JsRvb,Ritviz,artist
1Oh5bPXjw5jreVFhKc4jux,Kaka,artist
4eB5clMaoi0cCRnCwLkkiS,Harnoor,artist
09UmIX92EUH9hAK4bxvHx6,Mithoon,artist
5NHm4TU5Twz7owibYxJfFU,King,artist
5gZhfbckaWo89OzDSk3gdT,Jaani,artist
4bYPcJP5jwMhSivRcqie2n,Adam Levine,artist
5rQoBDKFnd1n6BkdbgVaRL,Guru Randhawa,artist
3tPQOjkxO3mrYrrgkTeXgH,Nikhita Gandhi,artist
76jfMJlfNPQsOBblO0ZaEA,Nora Fatehi,artist
19LIHDDSHBD5NyYHI3gpzB,Shilpa Rao,artist
1sVmXkzX2ukc6QvasrDBES,Asees Kaur,artist
0NErdIJtuKBjtxKmlqaWdj,Divya Kumar,artist
7tH8oZj2nLERlp2hE5QNjp,Mellow D,artist
2ZzyxohC32i649slMn9Kgk,Inder Chahal,artist
6DARBhWbfcS9E4yJzcliqQ,Karan Aujla,artist
3dN9MQpjIyNxyeRfz4EDZe,Rochak Kohli,artist
7GgAwYJnBBFT1WogNWf0oj,Amrit Maan,artist
0ea0y5ZxnN5TbEDzNtx5Fk,Nimrat Khaira,artist
4zCH9qm4R2DADamUHMCa6O,Anirudh Ravichander,artist
1GH0DojDQJeEKQ4BDMShAL,Gana Balachandar,artist
1pDF5UltcypyatITA3Pduo,Mangli,artist
1SyKki7JI1AZNKwgNMkn25,Sachet-Parampara,artist
1E6arsXf5Fgsnv9YpSzjpE,Parampara Tandon,artist
4Ai0pGz6GhQavjzaRhPTvz,DIVINE,artist
1oMKeiHXRkg7tNqwhaS3fu,MC Altaf,artist
7qPISKHhhKDLZTmYcX7bWd,Stylo G,artist
3vQ75vDDu0nhfHuEW3n17Z,Phenom,artist
6RF8hEdlUKoLPQOHmBbHiM,Yasser Desai,artist
4nDoRrQiYLoBzwC5BhVJzF,Camila Cabello,artist
2GoeZ0qOTt6kjsWW4eA6LS,Darshan Raval,artist
3pQ4aA7dkolyjUAMrVScgh,Manan Bhardwaj,artist
1OPqAyxsQc8mcRmoNBAnVk,Dhvani Bhanushali,artist
5TNSXFCNwlq2CfiMcNOCDP,Lijo George-Dj Chetas,artist
7d86ERlvO5UG44j7Va0Y0C,Pamungkas,artist
4nd1IvFkUoQinjvYdUmOBI,GANGGA,artist
20zafXaLhm5IcXnSU93rNn,Nadin Amizah,artist
6Ifk2cbxyVzT41jLexYCas,Budi Doremi,artist
5fS7aONqrIhiw6YzgKVOsd,Judika,artist
3f0GZTXzBCmd5IBiMfsh1H,Skinnyfabs,artist
1tM4ox3QsSpl3R2VwLjJ47,Larissa Lambert,artist
4YXNoMVTHRt01jYaKXTumJ,Raiden,artist
6jV25rzTKQ2zMgrqHha1V5,CHANYEOL,artist
7cVZApDoQZpS447nHTsNqu,LeeHi,artist
3hvinNZRzTLoREmqFiKr1b,CHANGMO,artist
3TkSKriI4EZmTxSFyzs0fd,Ardhito Pramono,artist
2wGBQNmrYOrruN58zNdSuH,Aurélie,artist
3IvlMYb5AvKRfNt7vR8PNP,Dere,artist
3tMTXQyRrPmMyHv5SoC0TV,Juicy Luicy,artist
7eKNo6fozgNsKThGC40ol7,Khifnu,artist
51kyrUsAVqUBcoDEMFkX12,Hindia,artist
28DdkLhrzQNizZ0ExQpyku,Rizky Febian,artist
2kxP07DLgs4xlWz8YHlvfh,NIKI,artist
0kPb52ySN2k9P6wEZPTUzm,Tiara Andini,artist
0MeOKtKKNYUBM075fR930L,Sunjae,artist
5OZXWMwDhlYBRvoOfcX0sk,Raisa,artist
4yRVdMqPrguKBFwZYpmke0,Andi Rianto,artist
4Z9pg3LzMfuuSgl3hMDYuG,Diskoria,artist
3Wf4i7kB01QI2wQlEgxKFm,Laleilmanino,artist
0D0AtqH4LxV9AkcdMqKkLY,Eva Celia,artist
3AVfmawzu83sp94QW7CEGm,Astrid S,artist
3EaScgA3zh2rORlbrAL8RI,Daun Jatuh,artist
5ghnxpW47ojtLHHyTLdxdY,Witt Lowry,artist
0azPQZGt11gedg5Le9hjC2,Amigdala,artist
4sbcrENSiVe3Yn9ftToC4b,Stevan Pasaribu,artist
1lg1jqQMMJQQFFMnkxn0zV,Ade Govinda,artist
5lPf0QTFRBnQXv1eurWsz1,Fadly,artist
1IAEef07H0fd9aA8aUHUlL,Omer Adam,artist
6uQl3gu1AIXyvqCAxnc2q4,Eden Hason,artist
54jZWpivOTllo1afYNSx5U,Eyal Golan,artist
1wak0ZG1LUrZPYx8RDTQoD,Noa Kirel,artist
5p205uKfxztlzI3oD15AKf,Raviv Kaner,artist
7hD6dkjWHapWVwkI6bjDFo,Ran Danker,artist
3VTm1513t2LL1mSKzzyQuj,Ishay Ribo,artist
5CXvT1JutlWVLJN8YEOf1h,Nathan Goshen,artist
57PnQxsNvOvG2ZDElDEUjW,Idan Rafael Haviv,artist
4iWsyISSQEYGxdqBNVwqtA,Yuval Dayan,artist
2eUKkTNZsIuZzV95DM0cbt,Eden Ben Zaken,artist
7hzAtM9sug5TCxGUIR7by3,Doli & Penn,artist
3JPKPnzWJGjccn8SnjwA5i,Agam Buhbut,artist
343YYaA5MSjiZZ5cGyTr4u,Hanan Ben Ari,artist
6UReeaqNcjIfzIH13kTHKE,Amir Ve Ben,artist
2a76fsDcTl6A43zwaFNPr4,Jane Bordeaux,artist
3cDi1D2FHMVgljfdB1QVgr,Jasmin Moallem,artist
4XRymSxqMfKCkA6njs39lM,Shekel,artist
4ejLVLFQUlsBRYVMcfpzNp,Marina Maximilian,artist
4fEvmZa0SYpKxIk9DXyQUJ,Guy Mentesh,artist
6ltKIf1bortd0DQbpgKdQu,Jimbo J,artist
2JQK9mzxqKz16lSgICHDTx,Ravid Plotnik,artist
5sbVEFMCfdQ0T3vCqXax1K,Gal Adam,artist
0wVxjQGYkyNh5qQsVCZWlo,Ella Lee,artist
3EOEK57CV77D4ovYVcmiyt,Dennis Lloyd,artist
3F78m0H4Y4a1Dvd79TKVvw,Eliad,artist
02XPYZHiiXvgdluCi3Esxg,Dikla,artist
6h7LtkzHunGiOPhnv3HHVd,Avraham Tal,artist
17pbOSPIn3lmY0vHhOlKGL,Tuna,artist
6Kwkb16geAot0de45IW9Ox,Idan Amedi,artist
3JG79Z23wJN9Q5PTPpDAEV,kostromin,artist
6l3HvQ5sa6mXTsMTB19rO5,J. Cole,artist
6qqNVTkY8uBg9cP3Jd7DAH,Billie Eilish,artist
2kCcBybjl3SAtIcwdWpUe3,Lil Peep,artist
4kkqGukpeagcuHEBdoV1pv,$ourJ,artist
6OTMjaRQ9kxdwoPRYTmyOM,Mot,artist
2ISiyx4DLCMAMBCvPesCoq,JONY,artist
0bOSNnz9bGAUlV3OJ3rnQW,Tima Belorusskih,artist
0Cm90jv892OeEegB3ELmvN,Eldzhey,artist
5wV3FoaNbDB6X9INuQvs1K,Bilal Wahib,artist
5eir5zFJpES4j7gsymbVyl,Ronnie Flex,artist
3E31HqA00iCX9nRhesw6LD,Snelle,artist
5vmwWgrlwCfHm1P0vdDFbU,Maan,artist
77IW5ZK1smDQYYKDCQugXh,Suzan & Freek,artist
50o63K3IrY47g46E8R071Y,Thomas Acda,artist
1HFg9B0Jvwqzqiuqg9cASk,Paul de Munnik,artist
6kBlEsdNeNW2qnmW56xDhx,Typhoon,artist
438nTuoZFCZCyBl33jE9dU,Ashafar,artist
6zEaCvF0CqEHs7kFyBkLHi,Mula B,artist
1wFoE1RwBMWoWkXcFrCgsx,Josylvio,artist
51MxI9mWmRMPLK9eNlyQ7o,3robi,artist
4iCzh7b2cLbHVsPOwhr8W0,JoeyAK,artist
3AlRiyjMywTVNzTcHbf9QT,Lil Kleine,artist
0IxgA9wO4Op3CSnPlhfwV1,Kevin,artist
3R6VoMjUANEP9wb7fRNXws,Rolf Sanchez,artist
3D2GUXbtlL3r2d5HJEnsFD,Marco Borsato,artist
16mR35QsbHY5CUlzRHMFnG,John Ewbank,artist
1bObiFZkYu7IfzxVlAVj5x,Danny Vera,artist
6m1LYS5NQonxjOcQFPQOb5,Frenna,artist
396eHybVCEUr0PcED4yFga,Young Adz,artist
55VC7UDCmceodks4rbHgHe,Tim Dawn,artist
06eTdzI1FA6c2cPQAeVHY2,Miss Montreal,artist
60d24wfXkVzDSfLS6hyCjZ,Martin Garrix,artist
4NHQUGzhtTLFvgF5SZesLK,Tove Lo,artist
1caoBfXJrbKCwIaTzGkyHn,SIX60,artist
0iWMmFScSBxj1z3IisnGkB,Niko Walters,artist
3eAOH2az3fQIfX2UAw0FfC,L.A.B.,artist
32GMj177nVLZPp3lqVrCXp,Kings,artist
0PK0Dx3s9et0Uf4XbdFpiW,Sons Of Zion,artist
6S0IvKlvPMX1RtAYtVpUV8,Drax Project,artist
3asBhUZPp0r1Hzw2DlT4My,AACACIA,artist
6PXS4YHDkKvl1wkIl4V8DL,Fetty Wap,artist
1IueXOQyABrMOprrzwQJWN,Sigala,artist
3m5qlPf2OkihLz3dRYnkPA,Ovy On The Drums,artist
5H1nN1SzW0qNeUEZvuXjAj,Danny Ocean,artist
29b16XDtyMXDrfo2hZ69wf,Adso Alejandro,artist
0eHQ9o50hj6ZDNBt6Ys1sD,Yandel,artist
5bWUlnPx9OYKsLiUJrhCA1,Jon Z,artist
1ljNTY4uIBecRJmy69UNWt,Don Chezina,artist
4wLXwxDeWQ8mtUIRPxGiD6,Marc Anthony,artist
1F8usyx5PbYGWxf0bwdXwA,PHARAOH,artist
2ngiK5FQchV4i7eOyXOXKt,SEEMEE,artist
3TikHXhctY4FUIMlkl0tzR,SODA LUV,artist
6TLwD7HPWuiOzvXEa3oCNe,Oliver Tree,artist
78G8FdUykcn02tsgMLi3q0,Rakhim,artist
0xByDfltDVpk6LDsUMHyI2,Poshlaja Molli,artist
5NipqMGsY4AUeb7kGT8aVz,kizaru,artist
2cYbwKKlCOv5VaoU9DZwGA,lil krystalll,artist
3vvLuXEEf7sl3izJcw0GIn,Scriptonite,artist
2z20q6EEfm6w6PiIKsgtb3,FACE,artist
27kGBCjiz5OXojkKX4xQ6R,BUSHIDO ZHO,artist
7drPVZKqAnbY227UltZV3l,Benedixhion,artist
1kxqshyCqWuOQJNCTgHKzM,Ваня Дмитриенко,artist
0qc4X567Fs1DUbQ7bS2XSJ,Korol i Shut,artist
2KoLmBXwsgMkfAvoPBlPmb,Egor Kreed,artist
7ETrbkVb3uLwquyjX0T05M,UncleFlexxx,artist
4ywf1iH1ruKEcfpCgfJvyA,Artik & Asti,artist
7xViKup0waKtypawDbsvrW,JojoHF,artist
5BhxPvQZf65AsaThKZ5zip,39,artist
5NMwoStnfHT4LdETlJSwDT,Big Baby Tape,artist
1Y53ZUhXBydAzILo4Qa0s1,Manizha,artist
1hwKCeSXpLrh4OQND6iQHw,OBLADAET,artist
5zXGVPJHUzQPUXKA7AlTi5,Max Barskih,artist
1pvmXh50KezixmCHnp9XvV,Zivert,artist
3PyJHH2wyfQK3WZrk9rpmP,Ashnikko,artist
6lay1nwbE6hTx1jivysUAL,Princess Nokia,artist
7nhWQxOMcfIv29SBPZEcgp,noa,artist
6St8JkGHB8v3qtD7Srg6PH,Папин Олимпос,artist
0ohUvVskERzK18bvWXFEqi,GONE.Fludd,artist
3jc496ljiyrS3ECrD7QiqL,Gipsy Kings,artist
6bXIjeV8nUh5pFxgzgny9P,Nicolás Reyes,artist
3pUWmkSef9vJOPDViYGZ5L,Tonino Baliardo,artist
3lY9Fxceu60W1rbon7PkuF,Omar Montes,artist
6k8mwkKJKKjBILo7ypBspl,Ana Mena,artist
5RzT7CM6Ot0sh0EHefMicV,Maffio,artist
4F4pp8NUW08JuXwnoxglpN,Bad Gyal,artist
3JSSjGYcIkgsrz7892CelT,Ed Maverick,artist
37BIBvfliXJpSgn10yQUJM,Mr. Naisgai,artist
6E94QKXZv8BbO6QQJxcxLI,Daviles de Novelda,artist
0L1f9i3L3fkMNENljDOsjG,Rocco Hunt,artist
46pWGuE3dSwY3bMMXGBvVS,Rema,artist
2CCgb0KApjfQDuTppovpf8,Rvfv,artist
6ddcxDK0BEkhe5LCdoA5Ki,Nickzzy,artist
6TKygPpVT29oGUogu4J9Ec,Yan Block,artist
4V8Sr092TqfHkfAA5fXXqG,Luis Fonsi,artist
1BwDWgdDJe3TJXLZkBkpsI,Tusse,artist
68dW5BU6sdVNf099EylxEt,Hov1,artist
0kKygNaCQjqVLrImIftRDJ,Einár,artist
2zd9YxlsQvA5mkZ1NarYVQ,Miriam Bryant,artist
6RJXSfbIkEMoCJ8GAg2dVO,Victor Leksell,artist
3tl4Gc5RItD9lE6MJZGhLg,Clara Klingenström,artist
4zGH6gaO4NohcfCXZ31bQG,Eric Saade,artist
5CPsScBTPYY11Lv4Eb7k4t,Dotter,artist
5tVyieWwN9j09jXUovK2zN,Danny Saucedo,artist
523y9KSneKh6APd1hKxLuF,Master KG,artist
4cfKtwkefMW3aiXtxfw8w6,Nomcebo Zikode,artist
6RYT3r4anXD8WAGOw6T8El,Alvaro Estrella,artist
5wXRHaEx8AvtUv0gyZHGf6,Newkid,artist
5HUGPIHRwh79LbffYIUJeJ,The Mamas,artist
52xiNtpaYcZ5jRQ2fqmPI6,Klara Hammarström,artist
7jEEE187pVG6InOxn03oA5,Benjamin Ingrosso,artist
59E9dYtwLTUAGuAppwFKAW,Cherrie,artist
51TXQniEQkYh89tfLjiuSy,Ant Wan,artist
6HKV18fbiZPLNSoTUnTALb,Anton Ewald,artist
6rYEqmajzlhGVaayOJ2bpJ,Yasin,artist
5tDnwIxYT1LAYH37yBqg4Z,WAHL,artist
0GYJScAPulF6GTFYJOpHVr,SAMI,artist
1Xylc3o4UrD53lo9CvFvVg,Zara Larsson,artist
2DWNa2o3BbsIHeBq7Iu6E7,Thomas Stenström,artist
6HYjkczJfUdGcwIGPOq5P2,Myra Granberg,artist
5FjiYgLczmrP2j1gijAGWp,Paul Rey,artist
3fpHdW8mp95bOCzRLcauZm,Emil Assergård,artist
34uGMERnU9XHnmQDnK03Gj,Lillasyster,artist
3SwHW7YiRPiqokx3zCpyit,Efraim Leo,artist
3uFum0NCM1PtmCO0MwsOAt,Carola,artist
1qC3LsWlbrRCPVRooOX81u,Arvingarna,artist
39Waq6UmqYCBEuyv8M8kjl,Charlotte Perrelli,artist
1aA5OGASCVhznQYm71BMYg,Babblarna,artist
0NRMzT05nsc8mTm4iUvuHY,Molly Sandén,artist
1gm1katIowFM22Ldqcw6DK,Ricky Rich,artist
4L2LwkxA0Qxs9Kmo1vqO8N,Eva Rydberg,artist
22NflAPD6Ndyxj4p8ynYPX,Ewa Roos,artist
6xErgeZYatiaQ36SB5bvi8,告五人,artist
7rXM91kSsqGzvYANukdQJD,單依純,artist
7nKA1c1Qn6nI0XA8yburf3,程響,artist
6cEuCEZu7PAE9ZSzLLc2oQ,R3HAB,artist
1r9DuPTHiQ7hnRRZ99B8nL,Jolin Tsai,artist
4MMQmzYiUiuD8VwjrJu3v6,Nine Chen,artist
6QYehwA9q6UQEMs1Vak0uy,Feng Ze,artist
2qXGNIlmY3JrYkxOWyXZsd,E.SO,artist
7aRC4L63dBn3CiLDuWaLSI,G.E.M.,artist
4TcOznbEZBqev21LzAH4KE,高爾宣 OSN,artist
01u3qI3xMGFvktXyRSMGRZ,Vicky Chen,artist
6eLpNMX3ZygSrUuxAlIWIx,Eve Ai,artist
16s0YTFcyjP4kgFwt7ktrY,Mayday,artist
4xlAHgZnzzPHtoKnev0gwJ,Good Band,artist
6taSlFSqCqAEUHOliFyHt7,梦然,artist
190bkHbFrRvEhcB7Zpuv3y,Waa Wei,artist
5R56NYbLCC2HpOwlYBnmeN,Kelly Yu,artist
6cMRDBCHMYjyCH2D0s6uzr,Chih Siou,artist
3aIDSTKS9yH745GUQBxDcS,Fish Leong,artist
3dI4Io8XE33J2o04ZwjR0Y,LaLa Hsu,artist
0RaC2hXyniYsju0mCSNz90,艾薇,artist
6g641431O1Xkl7HAs2yFEg,EggPlantEgg,artist
4PdggFNYwGfjRfkdG5OfES,#TocoParaVos,artist
2WhGojaMjv4VVn2HQSqrLM,Agustín Casanova,artist
51wGpVg4Z3lv1IjuZAQjXn,Juky San,artist
5iggzY0xY68wNNWXhiPrZz,REDT,artist
5dfZ5uSmzR7VQK0udbAVpf,Sơn Tùng M-TP,artist
6OzE2OdvV2tGAxSBsBuZ74,Hoang Dung,artist
57g2v7gJZepcwsuwssIfZs,Vũ.,artist
4bPYvyUn1mWwUwIW57oST2,Emcee L (Da LAB),artist
2ZjO6APYelcHcLd2pWMx8x,Badbies,artist
4jQZaxfgwiUJFQagCyZNV4,Ricky Star,artist
0EOMdQwzUG6CKh9oWvcANr,Lăng LD,artist
2aQnC3DbZB9GbauvhAw7ve,AMEE,artist
6zUWZmyi5MLOEynQ5wCI5f,Da LAB,artist
4e5LAUvM35jleGg8gElTsP,Miu Lê,artist
2xK6qcvfXuFFbU0NL95aeo,Thịnh Suy,artist
0IdAjS2LRieBR3gzoazdAw,MIN,artist
0DL9VpY3UsZWQyDOO5Ej2o,Lemese,artist
1nX1HVIUo1Zfs3e2v3lFb9,Changg,artist
2xvW7dgL1640K8exTcRMS4,Chillies,artist
6RUfMGubOnHT1p3nfeXpBl,Thiều Bảo Trâm,artist
75Ki5hBCOpDtKGoFyTvLxP,Lou Hoang,artist
6ZmHJcmCcc9X2sAyz6cHng,Hiền Hồ,artist
3OeYidiG0MAcGmiSwTHZf6,Vuong Anh Tu,artist
4x1fUORHa2EsxrQ6ZzAoQ0,Suni Hạ Linh,artist
0gGd4WhPXBSgDX6fdOHcOw,Rhymastic,artist
1LEtM3AleYg1xabW6CRkpi,Đen,artist
3rjcQ5VIWCN4q7UFetzdeO,JustaTee,artist
6NF9Oa4ThQWCj6mogFSrVD,W/N,artist
2SqJ4xPQ0QRPqi8H62CNSU,Duong,artist
5zifyPCJIZxUBhVq7AydsT,Nâu,artist
4RGBKkUyyvsim9vdBKCCkc,Ngơ,artist
7mFCX07lzCFLpHm72R93oB,nân,artist
5fa13NJjmn2uQ3dxZDi2Ge,Bich Phuong,artist
0qkGQFUrj8ERPAZcdpa79j,Phuc Du,artist
7H9jPV9qWyp6V629038aXU,Lynk Lee,artist
0r63ReVRjxrS4ATbLrdcrL,Hoang Thuy Linh,artist
2nSO7JYDbJrYbJmP39qUzj,Binz,artist
5Kh0ta0UY4uJ4g2CIdq9V9,Phuong Ly,artist
1jLYYT9QNuDI4zz4Ky9fyq,TINLE,artist
6ZNAsA4h8V7SOLtiK8Vfav,Phương Anh Đào,artist
2rVYwIYNEsMxtt8j5yemHb,T.R.I,artist
3diftVOq7aEIebXKkC34oR,Tlinh,artist
2v14NO80QYditUms7sbEIZ,Trung Trần,artist
3JkGKNawown8MgcJsDw1WT,Duongg,artist
38QautgC2LNYKiu10BB0sF,Nau,artist
1WvNgEoB66jmHodcj15Zi9,B Ray,artist
1L1VfizWn4DkFt602yD80U,ERIK,artist
7gJkNlcHtpuOhvl1FIDK1y,T Team,artist
