song_id,artist_id
4iJyoBOLtHqaGxP12qzhQI,1uNFoZAHBGtllmzznpCI3s
4iJyoBOLtHqaGxP12qzhQI,20wkVLutqVOYrc0kxFs7rA
4iJyoBOLtHqaGxP12qzhQI,4fxd5Ee7UefO4CUXgwJ7IP
7lPN2DXiMsVn7XUKtOW1CS,1McMsnEElThX1knmY4oliG
1nahzW3kfMuwReTka28tH5,1uNFoZAHBGtllmzznpCI3s
3VT8hOC5vuDXBsHrR53WFh,1uU7g3DNSbsu0QjSEqZtEd
6tDDoYIxWvMLTdKpjFkc1B,1U1el3k54VvEUzo3ybLPlM
5QO79kh1waicV47BqGRL3g,1Xyo4u8uXC1ZmMpatF05PJ
7MAibcTli4IisCtbHKrGMh,0du5cEVh5yTK9QJze8zA0C
7MAibcTli4IisCtbHKrGMh,3jK9MiCrA42lLAdMGUZpwa
7MAibcTli4IisCtbHKrGMh,6PvvGcCY2XtUcSRld1Wilr
6F2r4HgpJnvKDmkN6JEN6J,1uNFoZAHBGtllmzznpCI3s
6F2r4HgpJnvKDmkN6JEN6J,6LuN9FCkKOj5PcnpouEgny
0VjIjW4GlUZAMYd2vXMi3b,1Xyo4u8uXC1ZmMpatF05PJ
4MzXwWMhyBbmu6hOcLVD49,4q3ewBCX7sLwd24euuV69X
4MzXwWMhyBbmu6hOcLVD49,0EFisYRi20PTADoJrifHrz
6f3Slt0GbA2bPZlz0aIFXN,2o5jDhtHVPhrJdv3cEQ99Z
2WnAKZefdRHxtBEkRjFOHC,1uNFoZAHBGtllmzznpCI3s
3FAJ6O0NOHQV8Mc5Ri6ENp,4fxd5Ee7UefO4CUXgwJ7IP
5nujrmhLynf4yMoMtj8AQF,6M2wZ9GZgrQXHCFfjv46we
5nujrmhLynf4yMoMtj8AQF,4r63FhuTkUYltbVAg5TQnk
1xK1Gg9SxG8fy2Ya373oqb,7iK8PXO48WeuP03g8YR51W
1xK1Gg9SxG8fy2Ya373oqb,2LmcxBak1alK1bf7d1beTr
1M4OcYkxAtu3ErzSgDEfoi,4kYSro6naA4h99UJvo89HB
3tjFYV6RSFtuktYl3ZtYcq,6fWVd57NKTalqvmjRd2t8Z
3tjFYV6RSFtuktYl3ZtYcq,6ASri4ePR7RlsvIQgWPJpS
5Kskr9LcNYa0tpt5f0ZEJx,6jGMq4yGs7aQzuGsMgVgZR
5Kskr9LcNYa0tpt5f0ZEJx,4IVAbR2w4JJNJDDRFP3E83
6Xgq7MvZiet0hVi3KaDSgJ,1uNFoZAHBGtllmzznpCI3s
6Xgq7MvZiet0hVi3KaDSgJ,1anyVhU62p31KFi8MEzkbf
27OeeYzk6klgBh83TSvGMA,2tIP7SsRs7vjIcLrU85W8J
60ynsPSSKe6O3sfwRnIBRf,5cj0lLjcoR7YOSnhnX0Po5
4cG7HUWYHBV6R6tHn1gxrl,7i9j813KFoSBMldGqlh2Z1
4cG7HUWYHBV6R6tHn1gxrl,1gALaWbNDnwS2ECV09sn2A
4cG7HUWYHBV6R6tHn1gxrl,4L2dV3zY7RmkeiNO035Fi0
4cG7HUWYHBV6R6tHn1gxrl,3Edve4VIATi0OZngclQlkN
3aQem4jVGdhtg116TmJnHz,3TVXtAsR1Inumwj472S9r4
2XIc1pqjXV3Cr2BQUGNBck,4q3ewBCX7sLwd24euuV69X
2XIc1pqjXV3Cr2BQUGNBck,7ltDVBr6mKbRvohxheJ9h1
5YYW3yRktprLRr47WK219Y,4riOEaOW5hCeqomFDBk0aP
5YYW3yRktprLRr47WK219Y,7iK8PXO48WeuP03g8YR51W
5YYW3yRktprLRr47WK219Y,2UZIAOlrnyZmyzt1nuXr9y
137mSruegm1u6x9NvwiagR,1uNFoZAHBGtllmzznpCI3s
137mSruegm1u6x9NvwiagR,2tIP7SsRs7vjIcLrU85W8J
3S8jK1mGzQi24ilFb45DAZ,1uNFoZAHBGtllmzznpCI3s
3S8jK1mGzQi24ilFb45DAZ,5CiGnKThu5ctn9pBxv7DGa
6UelLqGlWMcVH1E5c4H7lY,6KImCVD70vtIoJWnq6nGn3
2pn8dNVSpYnAtlKFC8Q0DJ,3eVa5w3URK5duf6eyVDbu9
3T03rPwlL8NVk1yIaxeD8U,1uNFoZAHBGtllmzznpCI3s
0oaY19dUwZimIgzn3ZZLZO,1uNFoZAHBGtllmzznpCI3s
3iw6V4LH7yPj1ESORX9RIN,1PKErrAhYFdfrDymGHRQRo
3iw6V4LH7yPj1ESORX9RIN,4Euia7UzdRshy1DJOSMTcs
3iw6V4LH7yPj1ESORX9RIN,5PoZtBo8xZKqPWlZrIDq82
7vrJn5hDSXRmdXoR30KgF1,790FomKkXshlbRYZFtlgla
079Ey5uxL04AKPQgVQwx5h,0C8ZW7ezQVs4URX5aX7Kqx
079Ey5uxL04AKPQgVQwx5h,1mcTU81TzQhprhouKaTkpq
4saklk6nie3yiGePpBwUoc,3Nrfpe0tUJi4K4DXYWgMUX
5NU40QTlXrDUJzDBdv79bg,1uNFoZAHBGtllmzznpCI3s
1diS6nkxMQc3wwC4G1j0bh,6M2wZ9GZgrQXHCFfjv46we
5YaskwnGDZFDRipaqzbwQx,7jZM5w05mGhw6wTB1okhD9
5YaskwnGDZFDRipaqzbwQx,0u6GtibW46tFX7koQ6uNJZ
5YaskwnGDZFDRipaqzbwQx,5Wg2b4Mp42gicxEeDNawf7
1t9WgS8FN0534tLBRwbaxO,7arQA31aZVS8yS6zUveWzb
3YJJjQPAbDT7mGpX3WtQ9A,7tYKF4w9nC0nq9CsPZTHyP
35mvY5S1H3J2QZyna3TFe0,66CXWjxzNUsdJxJ2JdwvnR
1J14CdDAvBTE1AJYUOwl6C,3klZnJvYGIbWritVwQD434
3PfIrDoz19wz7qK7tYeu62,6M2wZ9GZgrQXHCFfjv46we
2MZQAvsA7aZDssppBLRxYp,41QLxRXlc2NwfJZkHGHKid
3VvA1wSxukMLsvXoXtlwWx,2NfSBtmWe7oPw1EmetJVso
6I3mqTwhRpn34SLVafSH7G,1uNFoZAHBGtllmzznpCI3s
27UcQ6dAvQrgH9C880rCM3,1uNFoZAHBGtllmzznpCI3s
27UcQ6dAvQrgH9C880rCM3,46MWeeHNVMYRIIofQBEX98
7aely3H8kMj9o0gt6vXHE1,1uNFoZAHBGtllmzznpCI3s
7aely3H8kMj9o0gt6vXHE1,6USv9qhCn6zfxlBQIYJ9qs
5uEYRdEIh9Bo4fpjDd4Na9,0Y5tJX1MQlPlqiwlOH1tJY
5uEYRdEIh9Bo4fpjDd4Na9,2o08sCWF5yyo2G4DCiT7T9
7qEHsqek33rTcFNT9PFqLf,4GNC7GD6oZMSxPGyXy4MNB
1Crj1zkRMpsEjb9NOR6Zof,716NhGYqD1jl2wI1Qkgq36
1Crj1zkRMpsEjb9NOR6Zof,4YYxffPVDFe9XoqqbRW6Bq
7I8L3vYCLThw2FDrE6LuzE,3Apb2lGmGJaBmr0TTBJvIZ
7I8L3vYCLThw2FDrE6LuzE,4m6ubhNsdwF4psNf3R8kwR
7I8L3vYCLThw2FDrE6LuzE,1bAftSH8umNcGZ0uyV7LMg
7I8L3vYCLThw2FDrE6LuzE,1DxLCyH42yaHKGK3cl5bvG
7I8L3vYCLThw2FDrE6LuzE,1vqR17Iv8VFdzure1TAXEq
7I8L3vYCLThw2FDrE6LuzE,5Y3MV9DZ0d87NnVm56qSY1
6EHrppRT1Uj4cyShAujxFu,1Z7q2glJYLsPpPoPIgBjdE
6EHrppRT1Uj4cyShAujxFu,4YYxffPVDFe9XoqqbRW6Bq
3OXxCquI8i14EigwILaLx9,1DxLCyH42yaHKGK3cl5bvG
3OXxCquI8i14EigwILaLx9,6w3SkAHYPsQ1bxV7VDlG5y
4fipVdNyG6zx7nxuqHScsy,1DxLCyH42yaHKGK3cl5bvG
3lCbsHaN1wCxyDzcNN2x4N,48R2gYdPKtfnfKAzhSVPUx
3lCbsHaN1wCxyDzcNN2x4N,2u33e5jDELbQShERkYzBR6
2OEVXCvrzJfpZaIPwsR99i,4YYxffPVDFe9XoqqbRW6Bq
2OEVXCvrzJfpZaIPwsR99i,1M1s4ofh9rBEBWhyYsXAcn
2OEVXCvrzJfpZaIPwsR99i,5kfMU816qY0ujqEt3xIHqR
4loQgPwJHocL3dFwLfjb1J,1mcTU81TzQhprhouKaTkpq
4loQgPwJHocL3dFwLfjb1J,2R21vXR83lH98kGeO99Y66
5uD4fcXch2qE5LYeyDipA1,7HSeegdmjLYRJpkOYIaZIW
5uD4fcXch2qE5LYeyDipA1,1kyy6AW7C6Rr2jrYwz95Gi
2TksvaRivgAEj780DgRB73,77ziqFxp5gaInVrF2lj4ht
3Zf4GutWZ7Hv3wsVQsSQPs,28gNT5KBp7IjEOQoevXf9N
3Zf4GutWZ7Hv3wsVQsSQPs,2oQX8QiMXOyuqbcZEFsZfm
7ndTONDDRFGiPnnhOzOXxq,0tmwSHipWxN12fsoLcFU3B
7ndTONDDRFGiPnnhOzOXxq,1mcTU81TzQhprhouKaTkpq
7ndTONDDRFGiPnnhOzOXxq,7iK8PXO48WeuP03g8YR51W
78SeXVRJ7KCqVmOwTiFjnI,716NhGYqD1jl2wI1Qkgq36
78SeXVRJ7KCqVmOwTiFjnI,3VHAySZQPlfGlNLslzXYpN
21N4Buj4xsyLb218lYle61,07YUOmWljBTXwIseAUd9TW
21N4Buj4xsyLb218lYle61,0BqURncJM5B1BBu7UM51eq
2mMZAd3ol9wGI2WJl4XJCF,2UZIAOlrnyZmyzt1nuXr9y
2mMZAd3ol9wGI2WJl4XJCF,1aw0Cdl1DIrtUrUA6fGbAR
2mMZAd3ol9wGI2WJl4XJCF,716NhGYqD1jl2wI1Qkgq36
1jtkP2Vj67mcBTXJgIOZsW,1DxLCyH42yaHKGK3cl5bvG
1jtkP2Vj67mcBTXJgIOZsW,3Apb2lGmGJaBmr0TTBJvIZ
1VYaM9VSix6jth7nXiHvo2,1bAftSH8umNcGZ0uyV7LMg
4C6BlqqMwjFzOXzqpTeoWR,14zUHaJZo1mnYtn6IBRaRP
5y7DaS3jAc9eZzcSOoUIwU,1i8SpTcr7yvPOmcqrbnVXY
5y7DaS3jAc9eZzcSOoUIwU,1vyhD5VmyZ7KMfW5gqLgo5
5y7DaS3jAc9eZzcSOoUIwU,37230BxxYs9ksS7OkZw3IU
2zY1iTaEgs8ROkkWtWLe7l,28gNT5KBp7IjEOQoevXf9N
6RV9pRLIQiXm3qTGeyQluf,28gNT5KBp7IjEOQoevXf9N
6RV9pRLIQiXm3qTGeyQluf,52qzWdNUp6ebjcNsvgZSiC
68mrW6gXHgupgSiDHgaDi5,1SupJlEpv7RS2tPNRaHViT
68mrW6gXHgupgSiDHgaDi5,7iK8PXO48WeuP03g8YR51W
5MOF8J0yJVHdKE3gRgpM6r,4kcQWQDK0u9AftVSpdrAgk
1yoMvmasuxZfqHEipJhRbp,1r4hJ1h58CWwUQe3MxPuau
2mM3gZ0BbPwPPMelbA8vgt,7kXCcNRLEnblbTAppPraBp
2mM3gZ0BbPwPPMelbA8vgt,329e4yvIujISKGKz1BZZbO
2mM3gZ0BbPwPPMelbA8vgt,5hdhHgpxyniooUiQVaPxQ0
2mM3gZ0BbPwPPMelbA8vgt,2cPqdH7XMvwaBJEVjheH8g
2mM3gZ0BbPwPPMelbA8vgt,6kq4GHwUcUojGIu0ziSNXf
4RJz8NfIe09gpKMiRUWKhJ,1r4hJ1h58CWwUQe3MxPuau
4RJz8NfIe09gpKMiRUWKhJ,1pQWsZQehhS4wavwh7Fnxd
4RJz8NfIe09gpKMiRUWKhJ,14zUHaJZo1mnYtn6IBRaRP
6NKrW1a2OYNwAXuN4MgwXi,4YYxffPVDFe9XoqqbRW6Bq
6NKrW1a2OYNwAXuN4MgwXi,5kfMU816qY0ujqEt3xIHqR
2bgcUk2A3jjKbCJ7KPquTi,3E6xrwgnVfYCrCs0ePERDz
2bgcUk2A3jjKbCJ7KPquTi,7iK8PXO48WeuP03g8YR51W
2bgcUk2A3jjKbCJ7KPquTi,0n6sKrG0xKAf8xmdqeNGke
4nTduFjaTmGysc9WKNuCcs,28gNT5KBp7IjEOQoevXf9N
2I3qA0KslRCxFTfZnPyDhf,4oZolC0sCwCAKqsNXfRlVS
2I3qA0KslRCxFTfZnPyDhf,2to8xMgnoxHCXPF7eWJPvg
2I3qA0KslRCxFTfZnPyDhf,4SgKWjM7cJDCh2aY9H4HZf
2I3qA0KslRCxFTfZnPyDhf,6Oa7dtz85WbPv9pYDcRSDN
2I3qA0KslRCxFTfZnPyDhf,1l6UgL5G16tId4qoYH8qJn
0K3dGPXHVALEqW8EEQGc3T,3VHAySZQPlfGlNLslzXYpN
5RubKOuDoPn5Kj5TLVxSxY,4q3ewBCX7sLwd24euuV69X
1yc7ERfIzFxPP1E0OFRvp0,0eecdvMrqBftK0M1VKhaF4
0JAZWvvqttGFm4UMDsPQXC,1i8SpTcr7yvPOmcqrbnVXY
0JAZWvvqttGFm4UMDsPQXC,28gNT5KBp7IjEOQoevXf9N
15OjBeqNX3bShsGYQbteRv,329e4yvIujISKGKz1BZZbO
7onMf0QvWgRba2MRxG27yj,3ghRXw2nUEH2THaL82hw8R
35UUpTmrcFXNIVIN26ujXl,77ziqFxp5gaInVrF2lj4ht
35UUpTmrcFXNIVIN26ujXl,4VMYDCV2IEDYJArk749S6m
35UUpTmrcFXNIVIN26ujXl,1vyhD5VmyZ7KMfW5gqLgo5
35UUpTmrcFXNIVIN26ujXl,7ltDVBr6mKbRvohxheJ9h1
35UUpTmrcFXNIVIN26ujXl,329e4yvIujISKGKz1BZZbO
3dEtfTtCXWW7N8WQ9FD29z,1Ts9of7VPZElwPQnqnDSfW
3dEtfTtCXWW7N8WQ9FD29z,1mcTU81TzQhprhouKaTkpq
3dEtfTtCXWW7N8WQ9FD29z,1pQWsZQehhS4wavwh7Fnxd
3dEtfTtCXWW7N8WQ9FD29z,1DxLCyH42yaHKGK3cl5bvG
2dl5K2ScW7jYhAhuem06cm,4VMYDCV2IEDYJArk749S6m
22Sh5dlwbERqJAq1fZk5b2,1mcTU81TzQhprhouKaTkpq
22Sh5dlwbERqJAq1fZk5b2,1vyhD5VmyZ7KMfW5gqLgo5
23UX82uDIfCUUneRfzDTD5,4YYxffPVDFe9XoqqbRW6Bq
23UX82uDIfCUUneRfzDTD5,0Xo4VFS3v07L0GwIVkZLfg
23UX82uDIfCUUneRfzDTD5,5kfMU816qY0ujqEt3xIHqR
7Bk0uXKk1uPT0XuQbpFzvs,0n6sKrG0xKAf8xmdqeNGke
7Bk0uXKk1uPT0XuQbpFzvs,3E6xrwgnVfYCrCs0ePERDz
7Bk0uXKk1uPT0XuQbpFzvs,0EFisYRi20PTADoJrifHrz
02MWAaffLxlfxAUY7c5dvx,4yvcSjfu4PC0CYQyLy4wSq
6Tio0ZoDeSQnI7EBAqWer2,1KCSPY1glIKqW2TotWuXOR
6Tio0ZoDeSQnI7EBAqWer2,0gAILSEru1PKMwP0tAqNLS
2gqWRRCXnma9L8xQ1RdemQ,2tIP7SsRs7vjIcLrU85W8J
6cx06DFPPHchuUAcTxznu9,6DgP9otnZw5z6daOntINxp
6cx06DFPPHchuUAcTxznu9,7uMh23xWiuR7zsNkuNcm2G
4Oun2ylbjFKMPTiaSbbCih,4kYSro6naA4h99UJvo89HB
4Oun2ylbjFKMPTiaSbbCih,181bsRPaVXVlUKXrxwZfHK
1KixkQVDUHggZMU9dUobgm,4npEfmQ6YuiwW1GpUmaq3F
6ft4hAq6yde8jPZY2i5zLr,0xRXCcSX89eobfrshSVdyu
6ft4hAq6yde8jPZY2i5zLr,5KNNVgR6LBIABRIomyCwKJ
5ri4zqtWhG07hIuNNDWP76,2NjfBq1NflQcKSeiDooVjY
0ofHAoxe9vBkTCp2UQIavz,08GQAI4eElDnROBrJRGE0X
4wqzOaLxiCRy2Et8tRyNSX,137W8MRPWKqSmrBGDBFSop
4wqzOaLxiCRy2Et8tRyNSX,67hb7towEyKvt5Z8Bx306c
45bE4HXI0AwGZXfZtMp8JR,45dkTj5sMRSjrmBSBeiHym
1tkg4EHVoqnhR6iFEXb60y,0eDvMgVFoNV3TpwtrVCoTj
53BHUFdQphHiZUUG3nx9zn,6s22t5Y3prQHyaHWUN1R1C
7hxHWCCAIIxFLCzvDgnQHX,6MPCFvOQv5cIGfw3jODMF0
7hxHWCCAIIxFLCzvDgnQHX,2hlmm7s2ICUX0LVIhVFlZQ
7hxHWCCAIIxFLCzvDgnQHX,4Gso3d4CscCijv0lmajZWs
7hxHWCCAIIxFLCzvDgnQHX,7rkW85dBwwrJtlHRDkJDAC
5th1bFGGaXLM7wDBJpcF06,6V70yeZQCoSR2M3fyW8qiA
7ytR5pFWmSjzHJIeQkgog4,4r63FhuTkUYltbVAg5TQnk
7ytR5pFWmSjzHJIeQkgog4,757aE44tKEUQEqRuT6GnEB
0DmAvNCAK08oCi7miSZUIY,1IueXOQyABrMOprrzwQJWN
0DmAvNCAK08oCi7miSZUIY,4IWBUUAFIplrNtaOHcJPRM
3IjfWBZrBISpcLhIMY44T6,5pVRwX5ZQR7hfJ18w8ZYkl
3IjfWBZrBISpcLhIMY44T6,18ISxWwWjV6rPLoVCXf1dz
6a3kNt1UlUOapDKmEr3JzZ,13bDjug9N0pyv3ZUINjkDV
6a3kNt1UlUOapDKmEr3JzZ,1qQLhymHXFPtP5U8KNKsm6
4hSJUp6k7QeHLxU32MrLIU,7ADRm1oT7VmhRRZrZqycV6
4hSJUp6k7QeHLxU32MrLIU,7oWrEQO1d3klp0Qrfh7a5h
4hSJUp6k7QeHLxU32MrLIU,44yXVrsMTsKGUBHZsYFZNq
5SFXOMJJ334Wn2PwBHeRZN,03d2mJXSMtuPI0nIvLnhoS
6i7zAdNhzUN2k1HcrBxPHG,4AKwRarlmsUlLjIwt38NLw
6i7zAdNhzUN2k1HcrBxPHG,2h6hAChW74hB9HvrNoK1RY
6i7zAdNhzUN2k1HcrBxPHG,2fsk4VlJdNF6G8cCMDrrzB
6V1lWr7s8CO5VkxXe4hBtg,3CJKkU0XuElRT1z8rEtIYg
4DnHEa1fuf3bn61AwT8Qiv,3tQzzidoPfVifoURnDfgmD
2QuQkdLLzgktXwruPAz6f4,09agIJMxCD2k87ys9Al0f0
2QuQkdLLzgktXwruPAz6f4,46aNfN89JrOQTCy97GoCHa
0E4Y1XIbs8GrAT1YqVy6dq,6eUKZXaKkcviH0Ku9w2n3V
6j0l7Hjt6qeDCQnYBZuJXY,0bmxU94V20pNJ2Vie9kFYv
6j0l7Hjt6qeDCQnYBZuJXY,09agIJMxCD2k87ys9Al0f0
5dDQDduj3EaWrPIZ9bc8tj,3ZuBEj9ppJe8GSdKaMTfMN
5dDQDduj3EaWrPIZ9bc8tj,3CJKkU0XuElRT1z8rEtIYg
1iAyJBksvAI6DQEnzv8l1E,3t5xRXzsuZmMDkQzgOX35S
1iAyJBksvAI6DQEnzv8l1E,5pXe6yFchq1oyYK3rq2A8i
2pPO9YecZimmuVQfIzfV6U,4AKwRarlmsUlLjIwt38NLw
2pPO9YecZimmuVQfIzfV6U,1PbtWtrN7jZpd4toqxrjm2
5hCtPGRLgeF05Q902Qdxe2,7ADRm1oT7VmhRRZrZqycV6
5hCtPGRLgeF05Q902Qdxe2,44yXVrsMTsKGUBHZsYFZNq
6hw1Sy9wZ8UCxYGdpKrU6M,1qQLhymHXFPtP5U8KNKsm6
1s4MvxbKrFZ5po6g2ig9w2,2ErWLckuGFl84nGmg5fwyG
46lyJh9GYmWsHez3EsvmAx,4mrBetqy378Jf1y6NLszlx
46lyJh9GYmWsHez3EsvmAx,74GrV01oFcjJdLHCF9MWhr
4Lt6GXGzYsa1tgkv3nGSTm,07YZf4WDAMNwqr4jfgOZ8y
4Lt6GXGzYsa1tgkv3nGSTm,1XynjLPAyPi8SZAx8LHN0Z
2qpZjutAe3pstQsjwSXQb4,09agIJMxCD2k87ys9Al0f0
2qpZjutAe3pstQsjwSXQb4,325L7kby6bkG5qSXXAFEWM
2qpZjutAe3pstQsjwSXQb4,2NpPlwwDVYR5dIj0F31EcC
5T7pVU8KMd7hpyqfWt0nhy,4WZGDpNwrC0vNQyl9QzF7d
5T7pVU8KMd7hpyqfWt0nhy,4sVieJlKgpZ2k9ESNS5IdN
20McUFi8KCIVdNDLrkTDuZ,2o08sCWF5yyo2G4DCiT7T9
54OBgO0Xwu20Jak9TMXbR7,1PKErrAhYFdfrDymGHRQRo
5GUV8sDq4o2UnZn4NJJMBq,2NJWI8byqTSqDaJRnqJY2z
0tcWtn95oGyM1OElWWos4q,2qMezKrAKRh2Z2uR3fCqHt
0tcWtn95oGyM1OElWWos4q,4sVieJlKgpZ2k9ESNS5IdN
2v3H9tGWnTcQzA2vgRokyM,3Hvx3BM0K4FHBs9J3k8G6V
5zPT86unoFaNP2J348n1p0,4iiEdRlpL7LDPxa1Wa0jkj
3F1P0QzdXtBz0MXy7KIO5w,6M2wZ9GZgrQXHCFfjv46we
3F1P0QzdXtBz0MXy7KIO5w,3QVolfxko2UyCOtexhVTli
03cOUvF1fyW60AuUfUNiDc,2kXKa3aAFngGz2P4GjG5w2
03cOUvF1fyW60AuUfUNiDc,76Pl0epAMXVXJspaSuz8im
2vBET2pmrQqafaS6zIaYta,1yxSLGMDHlW21z4YXirZDS
2vBET2pmrQqafaS6zIaYta,0EmeFodog0BfCgMzAIvKQp
52yZydTRNmxinmjt5hjk95,2kXKa3aAFngGz2P4GjG5w2
0qPcwdfndSahEBm4pPGZYq,2kXKa3aAFngGz2P4GjG5w2
1Ox6RIOerYvgRH9AxIl4DO,7hdCH3dJ27WvUbo00gAMwE
1Ox6RIOerYvgRH9AxIl4DO,2Zx5UnYsOJTrLB7EerhsJh
13UfB1tm7QYrhtW8FhPYmW,5WxnXxSCyhDSyi6elhBZd4
13UfB1tm7QYrhtW8FhPYmW,3zGV7t4BDmYZBLVA24487b
3BDHFeYIrqGpL8HNkuI6zv,2kXKa3aAFngGz2P4GjG5w2
7n2IirOomwTTGdGZVZ3vCD,2kXKa3aAFngGz2P4GjG5w2
7qezIDRM0E3WTW1lWxItug,2kXKa3aAFngGz2P4GjG5w2
7qezIDRM0E3WTW1lWxItug,6HkzZenXCsrdGcqMgWJECN
0RJn54iW71JQg9g2ZJVAPF,2kXKa3aAFngGz2P4GjG5w2
4QAgUdcBSPz0TkqFCJmoRp,2kXKa3aAFngGz2P4GjG5w2
6zFMeegAMYQo0mt8rXtrli,7jVv8c5Fj3E9VhNjxT4snq
2pj0SNwkwxVWeFrAYtUAhB,2kXKa3aAFngGz2P4GjG5w2
4h1XaZGJm0skvKAzjc8CtJ,2kXKa3aAFngGz2P4GjG5w2
13rtgTDK9w1clbgXpGuW3y,5TgQ66WuWkoQ2xYxaSTnVP
13rtgTDK9w1clbgXpGuW3y,05lF0DUkLJqiW5o70SScyR
1zPefdsgeLBNZjkxKstBrh,2kXKa3aAFngGz2P4GjG5w2
5LYRIyhmlrDAQsYdHEvP0f,58wXmynHaAWI5hwlPZP3qL
5LYRIyhmlrDAQsYdHEvP0f,7J0JxtOPMKWufOraoIqjiH
65qLZYZ9jtjC4oHJlNz3RF,2kXKa3aAFngGz2P4GjG5w2
4PEfJZpVjdclfzZ9XO8uDw,1RBzGO6Nm3uyhUSxP7EDWO
4PEfJZpVjdclfzZ9XO8uDw,6w9ToX5slZ4uIdmD17hJ3c
4PEfJZpVjdclfzZ9XO8uDw,1Ts9of7VPZElwPQnqnDSfW
00szcRmgqJGtqrfIUYkM1h,4bw2Am3p9ji3mYsXNXtQcd
00szcRmgqJGtqrfIUYkM1h,1r4hJ1h58CWwUQe3MxPuau
16ONd70tvWAaLIc6hcLzaG,0XwVARXT135rw8lyw1EeWP
3lR4O0vtkhCAvVEUEWUL0S,4bw2Am3p9ji3mYsXNXtQcd
3lR4O0vtkhCAvVEUEWUL0S,0XwVARXT135rw8lyw1EeWP
4HYDUMY0xSpeBr0AMY9cUz,2cPqdH7XMvwaBJEVjheH8g
4HYDUMY0xSpeBr0AMY9cUz,2ydZrTy8U3kOMOzx20s3dg
4HYDUMY0xSpeBr0AMY9cUz,7iK8PXO48WeuP03g8YR51W
3GtnId3Cm1Xa6joCj08nzW,14zUHaJZo1mnYtn6IBRaRP
5KFHrrBMyGj5MhVbZMM3ts,1vyhD5VmyZ7KMfW5gqLgo5
1mauYRwbpoGQX6itP2FAJC,1SupJlEpv7RS2tPNRaHViT
1mauYRwbpoGQX6itP2FAJC,5lwmRuXgjX8xIwlnauTZIP
2Q7KYjCv7XaLc0KRGY9m50,6ZtLRqHEkAXPWVw0eRbDac
11EnQRgRMJwMAesfkB5pnu,6i3DxIlAqnDkwELLw4aVrx
11EnQRgRMJwMAesfkB5pnu,0BqURncJM5B1BBu7UM51eq
6fmQjRuo7XvRFCK2qex5hQ,7f02bxFbZIOVdSbYRNYvLT
5Km4r87BoX2qqtoprYS1gh,790FomKkXshlbRYZFtlgla
5Km4r87BoX2qqtoprYS1gh,2R21vXR83lH98kGeO99Y66
5Km4r87BoX2qqtoprYS1gh,1vyhD5VmyZ7KMfW5gqLgo5
7x4ASXYEKfQBCewcZhK776,790FomKkXshlbRYZFtlgla
41BzKiCrKpUQHS3TP0jmdr,1r4hJ1h58CWwUQe3MxPuau
4G3PTss3mU33Tau7t4KbwE,1mcTU81TzQhprhouKaTkpq
4G3PTss3mU33Tau7t4KbwE,28gNT5KBp7IjEOQoevXf9N
70uX4beGHc1nQikXveOknp,0tmwSHipWxN12fsoLcFU3B
70uX4beGHc1nQikXveOknp,1wZtkThiXbVNtj6hee6dz9
58pgi1RpcU2fVJsxhm7BIr,0NiaKn55OzJswiYevvlKfz
7EWXP47VlXKO3r7mNxuWHw,1AL2GKpmRrKXkYIcASuRFa
7EWXP47VlXKO3r7mNxuWHw,5Lv2GUVwqmQBPwrTrxucE5
1ere9b9vDw2N3m9d4uiXxa,3k68C6mNMJL6OaAdWeW2ZF
1ere9b9vDw2N3m9d4uiXxa,5JXhkyafynxCvxtov7C1PV
2nZj5YymF54qhAu7RneVP6,1LIuN7ov1IBQDdLsU83ojl
27X3qzgB0Show6qfw5wNOK,0RPzmE1iY76tx1eBBXFyYn
27X3qzgB0Show6qfw5wNOK,48HORs6F9P7IgdyKrk4MZC
5m5aY6S9ttfIG157xli2Rs,487N2T9nIPEHrlTZLL3SQs
4AAIAVjSyiq1N7SXKkwXZe,1yR65psqiazQpeM79CcGh8
7GLWWrk1YlkPYqJK3ynIA0,1elUiq4X7pxej6FRlrEzjM
6sPBi0qLI6KM3yXX56NxsA,48HORs6F9P7IgdyKrk4MZC
158ukl5rih76dOEsp0I91H,1elUiq4X7pxej6FRlrEzjM
2SUPbyD77tJuOUbqbxct6l,5Lv2GUVwqmQBPwrTrxucE5
2SUPbyD77tJuOUbqbxct6l,6gLW5LlLEXdtWaS0EWfzaJ
0WlmiIK5qFQ4dAB4mCA4sI,5Lv2GUVwqmQBPwrTrxucE5
0WlmiIK5qFQ4dAB4mCA4sI,1oSgjdbgLYULVmEBojPRw8
2pBEAodCImE4LgbKAG4bfz,5JXhkyafynxCvxtov7C1PV
2pBEAodCImE4LgbKAG4bfz,1AL2GKpmRrKXkYIcASuRFa
4Ls13Ag4SWnniiX4QLRltL,3TJGVUkSJzk5ZPixMFczZX
1Cqg0nJOZRyvltkof8tjqA,0MInKJqZscEeNc5K3K0mkE
5glMxRMRHGBRj6bydBjoPM,5wbf52LA6kcaboHSN6NEF1
5glMxRMRHGBRj6bydBjoPM,1NNT7LXreEsY7C0bHlCWDp
5glMxRMRHGBRj6bydBjoPM,1AL2GKpmRrKXkYIcASuRFa
07AQkmp456NpEnT8HR7WLy,68YeXpLt3jB7JHQS5ZjMGo
07AQkmp456NpEnT8HR7WLy,5nP8x4uEFjAAmDzwOEc9b8
1uA7fD01YlQr1Rm0oyNB4H,6m6e7D2TnV0aYMllFFwMxu
3rRin3LyLY92kpEbkCgwf4,5Lv2GUVwqmQBPwrTrxucE5
3rRin3LyLY92kpEbkCgwf4,43DRDu6nLSeIedZ7T1A616
56F3ngwk3a42aLY0o5QgBF,7MiDcPa6UiV3In7lIM71IN
0QglpM23kl9ldvVdoYNZwF,1TYJOhNSxMOODWiDVhuyZb
0QglpM23kl9ldvVdoYNZwF,1mV9h1AwhRXSjBFcYpajgY
1JHvLQWHUoYuapwQikeDuD,22jNvLBrXGKr4CcV2tw8Ag
1JHvLQWHUoYuapwQikeDuD,7MiDcPa6UiV3In7lIM71IN
2JTir3y1VuJQmexiTCMcTP,5Lv2GUVwqmQBPwrTrxucE5
0DlHQxrVijRqVUfuS6PKaY,6xlRSRMLgZbsSNd0BMobwy
0DlHQxrVijRqVUfuS6PKaY,5YwzDz4RJfTiMHS4tdR5Lf
0DlHQxrVijRqVUfuS6PKaY,3CDoRporvSjdzTrm99a3gi
43VBV6uVyKAHbtrRpizoRK,2Z0lRIqr997lIUiPtrpKCr
3HquWF2pZmWYu3WAEP9Heb,1oSgjdbgLYULVmEBojPRw8
3HquWF2pZmWYu3WAEP9Heb,48HORs6F9P7IgdyKrk4MZC
1mQOFRDoqI34LdN79PE0vH,1OwYxVDNKP9JtSpp5E0uA4
1O74aTse7W5hd2rAvnEVaW,7FMscVRC6dsjpDpgt1r4Hn
1O74aTse7W5hd2rAvnEVaW,3PZTvUS5fUUhV3EKAjqdZk
2Gjt4rUHBUH0rMKpBg0hF4,3fll16LLw6kdDxWzSpJPEQ
2Gjt4rUHBUH0rMKpBg0hF4,2zWqENF4cnsd1nLmraG9IE
15k1TDabqSEmyXOwMq9RM7,22jNvLBrXGKr4CcV2tw8Ag
1HoapWs5KcMzs8QYdgg9Kt,43DRDu6nLSeIedZ7T1A616
1HoapWs5KcMzs8QYdgg9Kt,0RPzmE1iY76tx1eBBXFyYn
1HoapWs5KcMzs8QYdgg9Kt,3PZTvUS5fUUhV3EKAjqdZk
40zJaB3z53PGaxIkYyieBP,41QLxRXlc2NwfJZkHGHKid
40zJaB3z53PGaxIkYyieBP,1JQLCxphQYlnbokiEvfB8o
35qOGx1CWvCkQFOv4BkVIV,5Lv2GUVwqmQBPwrTrxucE5
0YqTL3nSL36OFdHwHoqCag,4PzYKhC14sTJNEr0dzoo0d
0YqTL3nSL36OFdHwHoqCag,6tzRZ39aZlNqlUzQlkuhDV
0YqTL3nSL36OFdHwHoqCag,7FNnA9vBm6EKceENgCGRMb
68cPbG7hJnwDW9nPX1uQcX,1WXbiUMl1AT9Inb619xPUg
68cPbG7hJnwDW9nPX1uQcX,25XJqeReVV38w0tR04GGBd
68cPbG7hJnwDW9nPX1uQcX,0y7B2G0jNMGWyQJsOoRMUt
7J3QMuDCSv56jRSiD9jFBF,007FXgr0jLBJxhPJjacXQH
7J3QMuDCSv56jRSiD9jFBF,43DRDu6nLSeIedZ7T1A616
0eoMMLrWtXbLk64baeESkc,0NsJZ5PMjqghGDuMzY7CuT
0eoMMLrWtXbLk64baeESkc,1elUiq4X7pxej6FRlrEzjM
7lJoRyuNJtuiqTcKtuMuIR,0pcoadNMmvrUyab1RxWBoV
2QCwoYDn4DRfjs4NhW2KpO,21WAvVROZ83oUvJwFTG2dH
2QCwoYDn4DRfjs4NhW2KpO,1zEo6Fk1iaaOYFlFPBHCFn
5ra6CI0pEzqjxPEZeBz0d7,0vLuOi2k62sHujIfplInlK
5NeBu4oKweDXIjhvYqtbLo,4FUMTycjZlEY6ZxMgqNjC8
5NeBu4oKweDXIjhvYqtbLo,1yR65psqiazQpeM79CcGh8
2ASs0n7ukfyxAxDtdir4vF,1BrFcFtIp3ZqvuI5C0VcK3
2ASs0n7ukfyxAxDtdir4vF,4NYa9HEvARX9LXU4LRoGny
2ASs0n7ukfyxAxDtdir4vF,0f6Q3bpuXN7TfNxeJJBd3m
52yvnBV90B2ZUC5b25cFer,7MiDcPa6UiV3In7lIM71IN
3dPvQLKl42dMYWV4LWRTLK,5Lv2GUVwqmQBPwrTrxucE5
6SA8c5JbUZF7HyAeDX4iiB,736JbivCkAkdLP9xOA3jLs
2Xgc216OMnc9PyUalpaSPc,14jVHWj9dqpLhs8hHEMnyJ
2Xgc216OMnc9PyUalpaSPc,0MlMFTEEEk0uSwI4hYSxrq
2Xgc216OMnc9PyUalpaSPc,6ZiGAU6TJQEyidFQ22eIOS
2Xgc216OMnc9PyUalpaSPc,0bzyhFojsIgDceZ4NQK9pY
7snoDTJeoJ2oVMhf7eoF3t,7MiDcPa6UiV3In7lIM71IN
7qmnP8Woc47dLSrMD5MxL1,6gGJH7joTDx9M3xREiAq9U
7qmnP8Woc47dLSrMD5MxL1,0xTWPVQfXgaj6Je1inSRKw
4zsiMjB0794HztyqUkD3Zi,4NUePmzDvCYqilXBFa91Hg
4zsiMjB0794HztyqUkD3Zi,3p7PcrEHaaKLJnPUGOtRlT
589KeND3ebjbfhs5GfGGyx,4oopAFtLdKXCoq2XoEjDZD
589KeND3ebjbfhs5GfGGyx,42APSc9etBGptl3otzihIZ
6Fz0IEZ0qHeu3cEbRDqSnU,3vIccdVCJt0pImyvORjoQP
6Fz0IEZ0qHeu3cEbRDqSnU,4hcbbb8RBjFjCuMhmVv1b9
6Fz0IEZ0qHeu3cEbRDqSnU,6dTTAcKWN7BmRGAmmAsdeX
6W2jsJG6MPPJ6xTWcNEeHr,4FTXvsvz433gZR67rhxFfN
6W2jsJG6MPPJ6xTWcNEeHr,09dmaVobfJspAF2KEumlH8
2MUIxQQ7YVvefJ17ZVFSId,4AZihrM3P96d5mA9kvsxxH
2IxTTLlkB2hSUDn138o8uq,1UUQq3z2RCIqSE1eiP00Jv
2IxTTLlkB2hSUDn138o8uq,6VygwRDdLkyJFlJUVgHpF7
2IxTTLlkB2hSUDn138o8uq,0msxvaLjlsLIudZFYaRFCP
79s5XnCN4TJKTVMSmOx8Ep,0eDvMgVFoNV3TpwtrVCoTj
5w49x5l1LNLhnSCAp7KnYg,1UUQq3z2RCIqSE1eiP00Jv
5w49x5l1LNLhnSCAp7KnYg,0msxvaLjlsLIudZFYaRFCP
5w49x5l1LNLhnSCAp7KnYg,0R0fzWAz5QAKu0drOfvFsy
0PvFJmanyNQMseIFrU708S,0eDvMgVFoNV3TpwtrVCoTj
0PvFJmanyNQMseIFrU708S,5f7VJjfbwm532GiveGC0ZK
0PvFJmanyNQMseIFrU708S,4r63FhuTkUYltbVAg5TQnk
3eekarcy7kvN4yt5ZFzltW,0Y5tJX1MQlPlqiwlOH1tJY
4a0oV0MjoURyHnW1gz8qcg,6sEfX6ntbBxeWBLggUMyyq
2QjOHCTQ1Jl3zawyYOpxh6,77SW9BnxLY8rJ0RciFqkHh
2etHQJxIbV0soyPhelVs9Y,6cK3NBO6uP7hh0oyuVELFl
2etHQJxIbV0soyPhelVs9Y,5cj0lLjcoR7YOSnhnX0Po5
01v1AOXoUjXVpd6rNiVkSN,1lxHE7dVKOVaIjGOIu8svG
6gBFPUFcJLzWGx4lenP6h2,0Y5tJX1MQlPlqiwlOH1tJY
2Oycxb8QbPkpHTo8ZrmG0B,5YGY8feqx7naU7z4HrwZM6
2Oycxb8QbPkpHTo8ZrmG0B,6M2wZ9GZgrQXHCFfjv46we
17vGPZ5EsdvtgAOCD4FLWI,0eDvMgVFoNV3TpwtrVCoTj
6QhSFWJE6xSquYT5ZJ6AWc,3CcA9m1Ivpp5XmLt8SxUpn
6QhSFWJE6xSquYT5ZJ6AWc,0k0SPGRwjkmqM1rG8nNGjW
1AE3geuJdEBiitm81QuuOi,5amPFw5XVlNzP7uSKBXtai
1AE3geuJdEBiitm81QuuOi,1WOWylyMYTYIkDJmKLeSpQ
1AE3geuJdEBiitm81QuuOi,4FTXvsvz433gZR67rhxFfN
1AE3geuJdEBiitm81QuuOi,696J4fiOALx5ifVKv10VbK
1AE3geuJdEBiitm81QuuOi,0dzqNEf8zaVrmB4u0fUFtC
1bwLTopYsL8A0j0fg7fi79,6sEfX6ntbBxeWBLggUMyyq
0nbXyq5TXYPCO7pr3N8S4I,757aE44tKEUQEqRuT6GnEB
2r6OAV3WsYtXuXjvJ1lIDi,0eDvMgVFoNV3TpwtrVCoTj
2r6OAV3WsYtXuXjvJ1lIDi,31W5EY0aAly4Qieq6OFu6I
65OVbaJR5O1RmwOQx0875b,3TVXtAsR1Inumwj472S9r4
65OVbaJR5O1RmwOQx0875b,5f7VJjfbwm532GiveGC0ZK
6cQ08IpBxxfGcSKxqE3NmB,6jGMq4yGs7aQzuGsMgVgZR
6cQ08IpBxxfGcSKxqE3NmB,6AgTAQt8XS6jRWi4sX7w49
6cQ08IpBxxfGcSKxqE3NmB,14CHVeJGrR5xgUGQFV5BVM
2tB9OFgAHjAds3cqquLlvp,1uNFoZAHBGtllmzznpCI3s
2tB9OFgAHjAds3cqquLlvp,3wcj11K77LjEY1PkEazffa
3buwFfY33H32wfZ6X9poV3,1uNFoZAHBGtllmzznpCI3s
6fRxMU4LWwyaSSowV441IU,04gDigrS5kc9YWfZHwBETP
6fRxMU4LWwyaSSowV441IU,181bsRPaVXVlUKXrxwZfHK
4FRW5Nza1Ym91BGV4nFWXI,3TVXtAsR1Inumwj472S9r4
4FRW5Nza1Ym91BGV4nFWXI,1sBkRIssrMs1AbVkOJbc7a
0zLCBJZSiELJf02ucPP9wb,0H39MdGGX6dbnnQPt6NQkZ
0zLCBJZSiELJf02ucPP9wb,5rGrDvrLOV2VV8SCFVGWlj
7FdUvDkaE24o3FPIWTvzv2,53XhwfbYqKCa1cC15pYq2q
7FGdjbZ32vMybPuP0IuE7d,5F1aAS1duwlzExnPs3l2Xe
7FGdjbZ32vMybPuP0IuE7d,3hcs9uc56yIGFCSy9leWe7
1Ymx1Q7EXkxd7FwKypAQ6o,7thOJx5gcuoJcEcaoHsPAk
1Ymx1Q7EXkxd7FwKypAQ6o,0NnUMWDCDi1snuMja6IdxH
1Ymx1Q7EXkxd7FwKypAQ6o,1hUvMU3Sw9PKvnwftPtx8S
6qraVL4IJaIj0IuEexYJNa,7iK8PXO48WeuP03g8YR51W
33IHBjSXpamVSajAQ3wSER,7rOlQwf8OuFLFQp4aydjBt
3ymRYcYHxXMmyvCaKcJ46k,1SiLK8gdECx2iEm2SSj0Bl
0VWLId2RwPCno9s1cJm2Vy,5hdhHgpxyniooUiQVaPxQ0
0VWLId2RwPCno9s1cJm2Vy,1fux65HMCBvfJHqlBc4Nno
0VWLId2RwPCno9s1cJm2Vy,1i8SpTcr7yvPOmcqrbnVXY
0VWLId2RwPCno9s1cJm2Vy,1wZtkThiXbVNtj6hee6dz9
0VWLId2RwPCno9s1cJm2Vy,7iK8PXO48WeuP03g8YR51W
0VWLId2RwPCno9s1cJm2Vy,2oT7xd9iTO2ejLsNGIMa5f
4jOBQxq4Ffd8DDrsN4wPOR,0EFisYRi20PTADoJrifHrz
7wWqLiOmDfjGTwrz95niTD,1SiLK8gdECx2iEm2SSj0Bl
0EhpEsp4L0oRGM0vmeaN5e,1vyhD5VmyZ7KMfW5gqLgo5
0EhpEsp4L0oRGM0vmeaN5e,0GM7qgcRCORpGnfcN2tCiB
0EhpEsp4L0oRGM0vmeaN5e,6M2wZ9GZgrQXHCFfjv46we
0EhpEsp4L0oRGM0vmeaN5e,4q3ewBCX7sLwd24euuV69X
7LE1K0lZyRFZjSlrnm7lfD,2cPqdH7XMvwaBJEVjheH8g
7LE1K0lZyRFZjSlrnm7lfD,7iK8PXO48WeuP03g8YR51W
7LE1K0lZyRFZjSlrnm7lfD,1mcTU81TzQhprhouKaTkpq
7LE1K0lZyRFZjSlrnm7lfD,2ydZrTy8U3kOMOzx20s3dg
7LE1K0lZyRFZjSlrnm7lfD,0EFisYRi20PTADoJrifHrz
7LE1K0lZyRFZjSlrnm7lfD,47MpMsUfWtgyIIBEFOr4FE
7LE1K0lZyRFZjSlrnm7lfD,1WMwuNKzEFtU6pPkdtryYS
1C91EF0FrgTMat91LnsiUh,1SiLK8gdECx2iEm2SSj0Bl
1UmZpd5navRsg2ukqCKJjc,0Q8NcsJwoCbZOHHW63su5S
1UmZpd5navRsg2ukqCKJjc,47MpMsUfWtgyIIBEFOr4FE
5ddFjrPG8NgQQ6xlOQIVd2,5TYxZTjIPqKM8K8NuP9woO
5ddFjrPG8NgQQ6xlOQIVd2,5IbUz6BcOu6IVY512oxavP
5ddFjrPG8NgQQ6xlOQIVd2,7xtnpHS34mLlxGZDVUBHSU
0h5loK7awcpjgerjVSKHCg,2kXKa3aAFngGz2P4GjG5w2
360oH1CqXe9XXzbbi6hvyr,7gU9VyFRN3JWPJ5oHOil60
1rCUcUnzMbnvf7cLOl2EkJ,2kXKa3aAFngGz2P4GjG5w2
5psKag7FkSEQuoHBBCTIIt,2kXKa3aAFngGz2P4GjG5w2
7HRCfrGnfLDyLmeV3dWnN6,2kXKa3aAFngGz2P4GjG5w2
4hlrY5fxxzKRYb193YP5Cu,2kXKa3aAFngGz2P4GjG5w2
1SelxYHPb04GjUy0oYV1Jw,78Die3Gb8yaElTmGCa7m7N
1SelxYHPb04GjUy0oYV1Jw,6Te49r3A6f5BiIgBRxH7FH
4CWcaGtaOyAqBDKIeZMUe0,6W5uA6CNMf3hd2j4a2XWCx
6YqWoncdvGUY4pfuLiuyRb,2kXKa3aAFngGz2P4GjG5w2
717QGTmZdkemDaCo1vQHG0,19u3RGWKsjmbg9eI6zAiNp
717QGTmZdkemDaCo1vQHG0,2kXKa3aAFngGz2P4GjG5w2
717QGTmZdkemDaCo1vQHG0,5RaQ9nmVGoTye2SI76x3yw
717QGTmZdkemDaCo1vQHG0,3IW7ScrzXmPvZhB27hmfgy
717QGTmZdkemDaCo1vQHG0,6W5uA6CNMf3hd2j4a2XWCx
717QGTmZdkemDaCo1vQHG0,0oeiA5U9u1U45Gos5cywUU
717QGTmZdkemDaCo1vQHG0,2IoSLl3tqYMq9DzR0d6NJN
717QGTmZdkemDaCo1vQHG0,7FXX45sHqoQoCwqtG0ZV8H
717QGTmZdkemDaCo1vQHG0,6zrOXBaNn0DqJeXxgC2eyH
185uGUwqhl34oc973DJMnZ,2kXKa3aAFngGz2P4GjG5w2
7uCLrBdy5FH6T7vcJzqRd7,15jZ8OLtnGATWHlQkltG7f
7uCLrBdy5FH6T7vcJzqRd7,05hirnMeVIzCrcUxbrysZU
0Z8DRG0HgZJ1bIhCQqyzPo,5nH2klYTzn8CNvUv1GOGQO
5xriTc82DdSAGToWcixBKf,1f1DjtYgH6yBzBSiGteBJl
5SqR7dxbJiTSadTaVEhZ04,2kIs76sEGiulKeqetZq6ua
0i5GJckWb9uCZU4jcGoBca,6Te49r3A6f5BiIgBRxH7FH
25PVU9aowaP69bSYRBe3sj,5gqmbbfjcikQBzPB5Hv13I
25PVU9aowaP69bSYRBe3sj,3vUMXQ9kPnZAQkMkZZ7Hfh
7moGDROshDKDpuQxtQ3q4m,4fDx6CTJ4KWhnAg6TvwmWe
7moGDROshDKDpuQxtQ3q4m,6Te49r3A6f5BiIgBRxH7FH
5cpJFiNwYyWwFLH0V6B3N8,1i8SpTcr7yvPOmcqrbnVXY
5cpJFiNwYyWwFLH0V6B3N8,5cj0lLjcoR7YOSnhnX0Po5
5cpJFiNwYyWwFLH0V6B3N8,5WUlDfRSoLAfcVSX1WnrxN
2hL0WVDLvlxZ60J4YyWvFW,2EFpb61Lpi0l5ldOiqbZkK
66tNDqYNR2S6Svwgm3BMi9,66Ok6bgC570sHkw08N20pZ
59o6ojGNGJOYiVJSzC6Lsa,1Cs0zKBU1kc0i8ypK3B9ai
59o6ojGNGJOYiVJSzC6Lsa,0fA0VVWsXO9YnASrzqfmYu
3IWsDAFAwPNVnnTeQyUj7w,46wEUZyujVrFSrdCnTKQmV
3IWsDAFAwPNVnnTeQyUj7w,5nH2klYTzn8CNvUv1GOGQO
0Q1ZthgaRH9sLIHHDrzX4X,58wXmynHaAWI5hwlPZP3qL
0Q1ZthgaRH9sLIHHDrzX4X,6L34dW6SKMSDaGIfYDU19j
0QMHp1X3B5BGN6J3HynHT1,3IW7ScrzXmPvZhB27hmfgy
0QMHp1X3B5BGN6J3HynHT1,2kXKa3aAFngGz2P4GjG5w2
2ZjTAieewsBC24kPGfLagc,58wXmynHaAWI5hwlPZP3qL
1dXz1boMWgpeiNcTK3jRtU,2rEVnwCPBeGkWMv425KoG1
0nYSnbFVX5ghrERjwVZgwZ,3nDNDLcZuSto4k9u4AbcLB
0Cnb8XdGDMHAmIRBUJMkIS,2XnY6NZ6rENbLMYabjkRey
0Cnb8XdGDMHAmIRBUJMkIS,4bL2B6hmLlMWnUEZnorEtG
0Cnb8XdGDMHAmIRBUJMkIS,49T8i1paijMAK9rYtjO4lu
5jYDCxuSx1mfApeWA4SlqX,12xme1fwd3iGEW7rF9b6tp
19LqJBBfd73oeBc3CPgDdl,6h1s4i4XKIYv4ErDelLDN0
19LqJBBfd73oeBc3CPgDdl,4unaJKYfY4B51exXVQSilo
0MuUSRBlStYNy0IeSrjmEu,39KEQQAG9JhIt71g9NEVhh
3RcXFW8aiRYHRaDDYBqJ76,2NpPlwwDVYR5dIj0F31EcC
6RvBo8JZUMSvvHnGa2hDrj,4lDiJcOJ2GLCK6p9q5BgfK
6PA5kMfB3Hbi7rFFKiRIf4,1LRpAVWq5z6VZMG3tTdZKU
1tUF7dEhqmV2Z1pTsGAGnD,3utZ2yeQk0Z3BCOBWP7Vlu
1tUF7dEhqmV2Z1pTsGAGnD,5j21TGkrNEAJe3gG9VlS34
2dHoVW9AxJVSRebPRyV2aA,3eVa5w3URK5duf6eyVDbu9
32QnXosZq7A11knnBAEqk7,3tvtGR8HzMHDbkLeZrFiBI
63QmxPL3QlchvXcHLsI6UM,3tvtGR8HzMHDbkLeZrFiBI
06sDxr7MbbwFyTP1f6rvvl,5jewGMrZtMNJk5OsZ61Cpo
4ckh5VN2HYQ8TzS51Nh7ol,2MVfNjocvNrE03cQuxpsWK
4xL01OuFjqizPDclF8gDpl,1SCaQu3jTbcKIjy8aC7KHa
4xL01OuFjqizPDclF8gDpl,3tvtGR8HzMHDbkLeZrFiBI
4IkQXb1IdIziAJmO3FODo7,2QcZxAgcs2I1q7CtCkl6MI
3OC84eKMxRJ4x0Hcwl9i4i,2JBUyLiFvpFPWdZGqIGYLD
3pciLZ7pj3WiwP8AmKdze8,6V1SwiosQqf5XvmoTMCGa9
0Q3jOuEpx8Esi2qZMQSghl,3tvtGR8HzMHDbkLeZrFiBI
0pupuSkMBGpzsqG3fWcyPe,6V1SwiosQqf5XvmoTMCGa9
1ubjsQj2DEqPMqC5CCwMEw,5r0xeBSRKRJ5Dm63XzTZhE
1ubjsQj2DEqPMqC5CCwMEw,3oONGjPFxkb1rqTtFx8fl2
7egdaSVtPnuW7YG821w7jz,1SCaQu3jTbcKIjy8aC7KHa
1qc9E4zCJ5utXDQVIAZlkm,2zzKlxMsKTPMsZacZCPRNA
4t53NE3uBLkTwW9rUgiHC8,6jlz5QSUqbKE4vnzo2qfP1
0O7O4sssbFxoNoB4QRGra1,6f4srX54JFrLNK4aTJe2Sc
69zgyr5HVKdInjeKpq1qHa,3TtgOeQcNkf9WVDA4xPBJM
2w9A7fvq6ka5CB9l7wDZXG,0DwdA5ZgTJcIQ2uIhc110D
4SFknyjLcyTLJFPKD2m96o,41MozSoPIsD1dJM0CLPjZF
0Os0RD1apkQsWOeF2cV5w2,1VSepPOw3REo0L6LFeii0Q
4RewTiGEGoO7FWNZUmp1f4,3HqSLMAZ3g3d5poNaI7GOU
2VJOpzv5sBpstCX9venJr5,7t5H3uQv0Zw6cQUnSTF5BB
2WVbMoHdWCspdiEa7OnG1D,2MVfNjocvNrE03cQuxpsWK
24tzRRz8r26gOmQB8PEZwv,3tvtGR8HzMHDbkLeZrFiBI
1rTnGbIahUmq6fK8RWAXfd,1qW9Pi35NXnu7Q8KWyVYe6
6MCjmGYlw6mQVWRFVgBRvB,64tJ2EAv1R6UaZqc4iOCyj
53HxUdYRCRMdzYPG0qhGUP,1DgBVE3lCnC7Osg9zpAt6N
2b8fOow8UzyDFAE27YhOZM,04gDigrS5kc9YWfZHwBETP
6pJT4f6S8GPQ7hWCDvygrN,6V1SwiosQqf5XvmoTMCGa9
5x9Clj56YLmklm3Zikx2iF,0u3m5Sy2zsq4Gk0aduH9s7
1eId3TVzGrwv73YAWAVQMX,1IDuSpntFl2Mutofvrrutc
1jVw3apCOogFU1mOquNIhC,1qW9Pi35NXnu7Q8KWyVYe6
3hU9nGBhYJQwvF8BJ4PUcE,6XtWdWAC7rNqXwbs8hGqP9
4Ws314Ylb27BVsvlZOy30C,41MozSoPIsD1dJM0CLPjZF
7dH0dpi751EoguDDg3xx6J,0ixzjrK1wkN2zWBXt3VW3W
0XZyF9lv6diMt4bxThOL0h,7jGn8qhLb48n7yMMNfAoHv
06XQvnJb53SUYmlWIhUXUi,64tJ2EAv1R6UaZqc4iOCyj
6EzZn96uOc9JsVGNRpx06n,6mEQK9m2krja6X1cfsAjfl
1zd35Y44Blc1CwwVbW3Qnk,64tJ2EAv1R6UaZqc4iOCyj
5RhWszHMSKzb7KiXk4Ae0M,7lbSsjYACZHn1MSDXPxNF2
0cSkn2l67csUljEy0EEBPn,0blbVefuxOGltDBa00dspv
7AIj86wFWqm7X1TZ2hzHwS,6n4SsAp5VjvIBg3s9QCcPX
6y4GYuZszeXNOXuBFsJlos,58oPVy7oihAEXE0Ott6JOf
08YwAPnX8sygJUXG9rvhDv,64tJ2EAv1R6UaZqc4iOCyj
2Gmyw5Vg2X5YW2lM3OC7nD,7kOrrFIBIBc8uCu2zbxbLv
465JzFiajJO59sUrDFsxdC,64tJ2EAv1R6UaZqc4iOCyj
7DyS11kB1YNrfDzQqtjmTh,7JthQ6zwNzfxRfIEjp6wUs
37IPQgBkvbmH9JR5mlY6a8,3BjFX1nExMNHvSaoLd1I1k
4Jv7U0JJpbQnOrjtDwDZTZ,5kVZa4lFUmAQlBogl1fkd6
0JTjZnuciQH4M3620aMDtZ,0ixzjrK1wkN2zWBXt3VW3W
5Ym4egUmT9wHEvZM2anGG8,2IUl3m1H1EQ7QfNbNWvgru
1LnJVIG1BaHTRznuOgR0yc,3z8diLlUCkN1j9N9ZdnfBJ
25BJRpLBe3i6d8okphoRAm,0jJmZHZHNe8n24Y33z5Nil
5D9MPWdY2hjSeTIGE5n5kv,64tJ2EAv1R6UaZqc4iOCyj
398dL22bDbKbAmiOnPaq7o,64tJ2EAv1R6UaZqc4iOCyj
15HNdxGKNCIO9pgaY4n7FU,5Vo1hnCRmCM6M4thZCInCj
6sIx7Cn37DGEhjy9hBP8Gx,0jJmZHZHNe8n24Y33z5Nil
18nkY3pJTub8WwEGiQAGh4,2IUl3m1H1EQ7QfNbNWvgru
278JqkBGkjDovOYAwE8TW7,5Vo1hnCRmCM6M4thZCInCj
2FHexlZenTsS3lsjUYHiDx,38WbKH6oKAZskBhqDFA8Uj
4pRqq3MwcqitKqNO8rOrOb,5Vo1hnCRmCM6M4thZCInCj
6H0PLsSYMzDOqhLgyOlzIj,1snhtMLeb2DYoMOcVbb8iB
7tGDXCPLpAScEwmqab9YZd,0jWCX6zp4RjWrmZRxJ2uri
172fMG26G2OoEzzg0wn26r,6wxfx1yhyqjCPYwwxJktR2
0qMip0B2D4ePEjBJvAtYre,0blbVefuxOGltDBa00dspv
5DgAgJbHcm74RyA9YKj6k1,3z8diLlUCkN1j9N9ZdnfBJ
6uUtmCz8XXep7n1QmC1jJG,2sd5k8N8cAOm6Q8OCcePw4
6uUtmCz8XXep7n1QmC1jJG,31iJDnqpS43YIG18nTFx14
6c5k0VC9TBzlcKwtjpzFW2,7HwzlRPa9Ad0I8rK0FPzzK
786dSB84yrSaICJwCT7VxP,32QmJ5obSke8YKDbQvVPUx
2cKiHG16JBiqHdi7Llq0r7,5kVZa4lFUmAQlBogl1fkd6
1sIIlVrnPhrvmTrHtzM7tV,4QvgGvpgzgyUOo8Yp8LDm9
1sIIlVrnPhrvmTrHtzM7tV,71hQB5jxdNiHk5gzZRhicQ
3wJHCry960drNlAUGrJLmz,4UK2Lzi6fBfUi9rpDt6cik
2SihT7AVMiI2VtaAyVIcnO,1t17z3vfuc82cxSDMrvryJ
3Ys2PYl1wyPKQIwyqhP9cQ,3Nrfpe0tUJi4K4DXYWgMUX
1SdwlHsv8bWHbAlIw5Jfgo,5Vo1hnCRmCM6M4thZCInCj
7p8JJm7CT2F4k11f1DtNUa,1wJL6nbdvPwqPYuoqiw5aN
359Yw4Ng9TcH667Ct2Dj6D,1S2S00lgLYLGHWA44qGEUs
2vOAHp8PBBFYqvQUWSoITY,4QvgGvpgzgyUOo8Yp8LDm9
249gnXrbfmV8NG6jTEMSwD,3Nrfpe0tUJi4K4DXYWgMUX
5wc4f6crkCzAvwNhoEeMhh,0B1ce3uNrzkdm76NXI4mhX
52IsIvHidofM9JMjw78Jyz,0blbVefuxOGltDBa00dspv
52IsIvHidofM9JMjw78Jyz,6le80R1opKnTlP4o3KvA2k
1iEsGutpDvMJG0zYqoKKmQ,5kVZa4lFUmAQlBogl1fkd6
7D93pJcwymzaZx8WgBo2zG,1mcTU81TzQhprhouKaTkpq
4nbWX2HzrOEnX4xxvYRCyU,0my6Pg4I28dVcZLSpAkqhv
4nbWX2HzrOEnX4xxvYRCyU,25UNJbwGZSQKvz5cPLWlv3
7E9GeFGfjXw9LAI4ay6rsw,1dKdetem2xEmjgvyymzytS
7E9GeFGfjXw9LAI4ay6rsw,66ihevNkSYNzRAl44dx6jJ
1s59X35jDULAyOGmBuTAnd,3hTffafUYLLgO4yuPAxb5U
1s59X35jDULAyOGmBuTAnd,1dKdetem2xEmjgvyymzytS
4jcxBTrNvyqMJdMDyyjdYV,0XwVARXT135rw8lyw1EeWP
4jcxBTrNvyqMJdMDyyjdYV,3abT87tqQ4Q5PA5nw6CYyH
0vtYnEw1eJwW26BrBnOAYJ,2C6i0I5RiGzDKN9IAF8reh
2QwMXe5zbqymDZGYsMDVqZ,66ihevNkSYNzRAl44dx6jJ
2G5kj8gYNAVM4pQ0IBBaGA,6cnl6Jz97730GUS8zEAK77
2G5kj8gYNAVM4pQ0IBBaGA,0XwVARXT135rw8lyw1EeWP
1qfoq1qvZT7VwDVeekCJ97,0XwVARXT135rw8lyw1EeWP
26w9NTiE9NGjW1ZvIOd1So,4q3ewBCX7sLwd24euuV69X
0fea68AdmYNygeTGI4RC18,1vyhD5VmyZ7KMfW5gqLgo5
0fea68AdmYNygeTGI4RC18,4q3ewBCX7sLwd24euuV69X
7jL2tCE0Xn2tunqWayBkte,5xSx2FM8mQnrfgM1QsHniB
2MJz8BxxMsERULatmBikDH,1W7FNibLa0O0b572tB2w7t
0742PcMPo2Akmo4vHC29VZ,3gIRvgZssIb9aiirIg0nI3
0742PcMPo2Akmo4vHC29VZ,5JMLG56F1X5mFmWNmS0iAp
7F1CiKqrY44kh5cDqwHOnx,20DZAfCuP1TKZl5KcY7z3Q
7F1CiKqrY44kh5cDqwHOnx,6d0ZjIp5L7Ygy2l02HskRX
4xqrdfXkTW4T0RauPLv3WA,4Uc8Dsxct0oMqx0P6i60ea
6Im9k8u9iIzKMrmV7BWtlF,66CXWjxzNUsdJxJ2JdwvnR
5cU1O9P0EDA0rPkPDykhIm,5fEQLwq1BWWQNR8GzhOIvi
2gMXnyrvIjhVBUZwvLZDMP,4GNC7GD6oZMSxPGyXy4MNB
3t8M86tiO0aKMMTXzRrFn8,1SZdTuxme3mOk0D9pUFrET
74nVCj4vMVemLIs71vXcnP,2NJLAUSe3Ifk9MiHbddRAi
56wVfJKtnwlSZtC4NVgIrf,2elBjNSdBE2Y3f0j1mjrql
56wVfJKtnwlSZtC4NVgIrf,6H93wOohK6r1MwGh41Z4Nb
2gug6MRv4xQFYi9LA3PJCS,5fEQLwq1BWWQNR8GzhOIvi
5uCax9HTNlzGybIStD3vDh,4IWBUUAFIplrNtaOHcJPRM
1HbA4N1MiOsPthALesGFR1,7n2wHs1TKAczGzO7Dd2rGr
1HbA4N1MiOsPthALesGFR1,1uNFoZAHBGtllmzznpCI3s
6kH1sKkvgN4Yikake52glq,7t5H3uQv0Zw6cQUnSTF5BB
0pYacDCZuRhcrwGUA5nTBe,3HqSLMAZ3g3d5poNaI7GOU
0pYacDCZuRhcrwGUA5nTBe,0ebNdVaOfp6N0oZ1guIxM8
6JeleVHUHrdvgiFESE33ZU,7IEhlwWQA7pCkEvzwwHehE
462OPOKW0VMbvW9H7HIb0U,2hRQKC0gqlZGPrmUKbcchR
4Dr2hJ3EnVh2Aaot6fRwDO,3HqSLMAZ3g3d5poNaI7GOU
7muTXW7kGytN3zdomku6FV,6MoXcK2GyGg7FIyxPU5yW6
7Igh1mqghlHz5dimfQV85G,6N7b9mUVwn885jI7RRg8no
7Igh1mqghlHz5dimfQV85G,7u2Nz7Bj2vbCps9AH5q6do
7Igh1mqghlHz5dimfQV85G,32wJE7JooXm59HxYhy7caU
7Igh1mqghlHz5dimfQV85G,1UIxKzYZnlJeF9siZ6IE1f
7Igh1mqghlHz5dimfQV85G,0Ch0t9gI47Lkal71uQnmV3
5KawlOMHjWeUjQtnuRs22c,3Nrfpe0tUJi4K4DXYWgMUX
5KawlOMHjWeUjQtnuRs22c,26VFTg2z8YR0cCuwLzESi2
2SAqBLGA283SUiwJ3xOUVI,3TVXtAsR1Inumwj472S9r4
2SAqBLGA283SUiwJ3xOUVI,3hcs9uc56yIGFCSy9leWe7
4Iedi94TIaB2GGb1nMB68v,5f7VJjfbwm532GiveGC0ZK
2H1hYPeKgIQAp439cx7GsX,2TcrjcSngRPpgZxmIlPdym
2H1hYPeKgIQAp439cx7GsX,14MDqT8L01RPVlJc0BqLLA
2H1hYPeKgIQAp439cx7GsX,7ewc3ni3IAtqLygEnDi66K
2H1hYPeKgIQAp439cx7GsX,1nVEvn7RMNxj27rn0WE13E
2H1hYPeKgIQAp439cx7GsX,1eQJUHJRurFXGd3j8i8W4x
2H1hYPeKgIQAp439cx7GsX,6ucYQLJMMVyN1nO4GebaV2
1shPobG6XTGg5ryUEtSkzK,3ciriYzsPraVHAuNLA1ylh
1shPobG6XTGg5ryUEtSkzK,6Z5VQ8F6nxj5FzwYjeNC4h
1shPobG6XTGg5ryUEtSkzK,2eg1CxsZjnfjNO1O2LDk8X
4ckpR1gCb3PuoDAbEA9a66,414pDI8Y502owCbg7U6Skf
4ckpR1gCb3PuoDAbEA9a66,4QkKUb73NVonTlAZaShsuY
4ckpR1gCb3PuoDAbEA9a66,3qo2q05gFa09MXrEZltr7q
7ke2C0XWkZFo1PaVZjh2aF,1nVEvn7RMNxj27rn0WE13E
7ke2C0XWkZFo1PaVZjh2aF,1bNjWBFWsAAzZSR59lRdpR
7ke2C0XWkZFo1PaVZjh2aF,1eQJUHJRurFXGd3j8i8W4x
7ke2C0XWkZFo1PaVZjh2aF,6fHE8xZBCxzwer9DIbOmv4
3pLUJWBRx9PBdphuNxn3Ka,7hdf9DSpgCpqVh03Ql1LKe
4nLJnkaFq9VNYVz1SxJsXi,1w2P5nNsO5W7FYq2Oui0cM
4nLJnkaFq9VNYVz1SxJsXi,4QkKUb73NVonTlAZaShsuY
4nLJnkaFq9VNYVz1SxJsXi,25uuaH9QdKIygoWTDzKuve
4KHNX2uuE1USVfokLMjlry,1nVEvn7RMNxj27rn0WE13E
4KHNX2uuE1USVfokLMjlry,1roTzbKGDx7ZFBA5oibNPW
4KHNX2uuE1USVfokLMjlry,5oEGngZTsEKSaImCUNERCR
4KHNX2uuE1USVfokLMjlry,14MDqT8L01RPVlJc0BqLLA
0mOoPsb9xZTzFqKLLqvkjL,53ZXQRpE0KfS0GRrgctR4R
0mOoPsb9xZTzFqKLLqvkjL,1nVEvn7RMNxj27rn0WE13E
0mOoPsb9xZTzFqKLLqvkjL,51XZXIYXtQKFhJ8aQKk1if
0mOoPsb9xZTzFqKLLqvkjL,5oEGngZTsEKSaImCUNERCR
0mOoPsb9xZTzFqKLLqvkjL,0bklXcSWnh72t6Uo1RPeGA
6iKJIYuyGWZ1YTwee1FzBJ,1lDWyPzSZOqP5jfZNm5lLI
6iKJIYuyGWZ1YTwee1FzBJ,1bNjWBFWsAAzZSR59lRdpR
6iKJIYuyGWZ1YTwee1FzBJ,5wVRDS1b9ZMXN6VKEl8f9b
6iKJIYuyGWZ1YTwee1FzBJ,3kyJLSOihpXaaR1NBK42pd
2PgDbeuhqT2vY6fOe15PDf,71lldVkx3POgVXXTe5Pqoa
2PgDbeuhqT2vY6fOe15PDf,1eQJUHJRurFXGd3j8i8W4x
2PgDbeuhqT2vY6fOe15PDf,1nVEvn7RMNxj27rn0WE13E
2PgDbeuhqT2vY6fOe15PDf,41uk6Pr8mGHGkxK79hgF9X
2PgDbeuhqT2vY6fOe15PDf,3RUkVCv0E5vkTbR2g4NmEz
61P7fkM3YBSTGCrLBUaWKM,414pDI8Y502owCbg7U6Skf
0SZtkfDkXwoZshG9hv98WR,1eQJUHJRurFXGd3j8i8W4x
0SZtkfDkXwoZshG9hv98WR,3Oa0mJQWQrUOqJ8fcLuu7l
0SZtkfDkXwoZshG9hv98WR,1nVEvn7RMNxj27rn0WE13E
0SZtkfDkXwoZshG9hv98WR,3sznqsdJNWJ0pz21q6kTrQ
0SZtkfDkXwoZshG9hv98WR,2TcrjcSngRPpgZxmIlPdym
10sQHZ1h3LYoNGGMDSDx49,6ucYQLJMMVyN1nO4GebaV2
10sQHZ1h3LYoNGGMDSDx49,7ewc3ni3IAtqLygEnDi66K
10sQHZ1h3LYoNGGMDSDx49,1nVEvn7RMNxj27rn0WE13E
10sQHZ1h3LYoNGGMDSDx49,2TcrjcSngRPpgZxmIlPdym
3mnL4RKOwb5dlzCuaZjzPG,6c7bGIcrxaMdYSn6htbHj0
2a1O7kNCzspA2otqOpS4fV,2TcrjcSngRPpgZxmIlPdym
2a1O7kNCzspA2otqOpS4fV,1Xsc9W40JwWXHxlsym2Vpn
2a1O7kNCzspA2otqOpS4fV,5803cw4KZi2vLtcKxRJV8F
7iPnbJ1W7wus9QqeBtpuII,3SozjO3Lat463tQICI9LcE
7iPnbJ1W7wus9QqeBtpuII,1XQiB7Gp309l4aHhzgGIlY
0kNOuZYnpu1RiQTWXUUzE8,0N3AcLTAS3vcx93PxN2Agb
0kNOuZYnpu1RiQTWXUUzE8,1Ck3UYsoNkZ63PLY8yZR33
0kNOuZYnpu1RiQTWXUUzE8,3Z2T6mI5rrWuijYZkclFEN
32dzOvkFzmjEPjPidQRxU4,2J1TbsWFTYT0LHNSX897xS
32dzOvkFzmjEPjPidQRxU4,7MKSufJrPmpqpg2mVWJET1
32dzOvkFzmjEPjPidQRxU4,25IVkspnS4ZKKxGVyOgVnK
32dzOvkFzmjEPjPidQRxU4,1w2P5nNsO5W7FYq2Oui0cM
7fuvhZxxLou4qRRo4Z63wE,0TMvoNR0AIJV138mHY6jdE
7fuvhZxxLou4qRRo4Z63wE,5XGkLMcwitYFdwroktQs7o
1ViGe38tmbdDapmz5ReZQR,4rneSQYWhgIT9pMX2NwpeM
7umEhzfURpGTSRbcX84qLy,0iBTVnJ1Sff92zCDujfvyJ
27gknDBOqYJmOFYyaOBAfa,7uWyXPJ04ihdQdYGGw3xVV
2uR9nWZDvjjmQm5CTrqA1Y,1oxn6cQ37twQ7yGnlE3ETd
2uR9nWZDvjjmQm5CTrqA1Y,1yq2JzsqbzFbJ1B7wGOXLc
2uR9nWZDvjjmQm5CTrqA1Y,4zvO09rVUIVTeALhs6xLoB
2uR9nWZDvjjmQm5CTrqA1Y,5VnJPtvfHh4fPlHDzXjvLP
4XZxxP6ilbl56BooNjq7Ki,7uWyXPJ04ihdQdYGGw3xVV
4XZxxP6ilbl56BooNjq7Ki,7BIHYaTeyOxOKV7EyHF0Z4
7HvMlXXpPKj3nYClkyoxbE,1oxn6cQ37twQ7yGnlE3ETd
7HvMlXXpPKj3nYClkyoxbE,1yq2JzsqbzFbJ1B7wGOXLc
7HvMlXXpPKj3nYClkyoxbE,4zvO09rVUIVTeALhs6xLoB
7HvMlXXpPKj3nYClkyoxbE,5VnJPtvfHh4fPlHDzXjvLP
4yP4P2pHqtejjQ1l12J8bA,154o9Wi0JpSDbYQPMtmpd5
4yP4P2pHqtejjQ1l12J8bA,56VhOZOF6hwqrbNYwkmcsH
4yP4P2pHqtejjQ1l12J8bA,6cAstWrYVb1BxHyRQJJskF
5kdfwTDub3JHmU6FvKK1db,7v49oVVUhvIQG5EK0jkcF7
1k66TKeE51BtgF0q2ZOCOy,56VhOZOF6hwqrbNYwkmcsH
1k66TKeE51BtgF0q2ZOCOy,3OFZwEYEAKMEmUheZ8TKso
1YYyfjeqq910iiPShYlAYj,0QR764k0D36npmTMWx5bft
26N0AElCFxUuGQ7YoYs0tU,1fZAAHNWdSM5gqbi9o5iEA
26N0AElCFxUuGQ7YoYs0tU,4nPxrGG7k7aEKmNLsfX4cd
18vIGGupRFoboQp2DuJJAG,2IHoZ3RrDJIikMRsYgHjhy
18vIGGupRFoboQp2DuJJAG,0x4xJCGDyTlKr47RF2WXzu
2Y1Nd54Jrgciu2HtpP5ymM,56VhOZOF6hwqrbNYwkmcsH
6M399qo2yoIDnoOOQMbaZR,0TMvoNR0AIJV138mHY6jdE
6M399qo2yoIDnoOOQMbaZR,4iHE8t7vhPwUX0TrF4cETN
6M399qo2yoIDnoOOQMbaZR,4CrDEHL7ysNabeYvL3xjUX
4a3fip00VzmP4cEr6exdvv,44FnIf8PhG6EQRIoENsXu3
7eBYMVok43QesT0KnuIkjn,1fxbULcd6ryMNc1usHoP0R
7eBYMVok43QesT0KnuIkjn,6NUBt2nj5uT4iLLTIMRxra
7eBYMVok43QesT0KnuIkjn,0tdKRrbItnLj40yUFi23jx
2qX1iJIRJDlVsBQbQkz6L0,6QfFTZJHFSe9Xyes6DkAli
2qX1iJIRJDlVsBQbQkz6L0,0WDJa0qnagyOnMaiD26wht
2wMo0pUpFklPf5x47ZUR8I,79b4a4Bg30Y0RlO5de5jni
2wMo0pUpFklPf5x47ZUR8I,4nRJJWVfbPAULHZl7VYVE8
79PexJOYIrfKZhwV6J3pUG,56VhOZOF6hwqrbNYwkmcsH
79PexJOYIrfKZhwV6J3pUG,3OFZwEYEAKMEmUheZ8TKso
0xwpK0H2aL5YxREvcNw4Pe,0TMvoNR0AIJV138mHY6jdE
7L5gakQGivisTEWdKkUrZg,1Kjs5u8GQf6zCFdTj6SI9E
7L5gakQGivisTEWdKkUrZg,6SjpwkrjfsNRKajDG4rDbJ
1NKUIcXPJE9LSQLzTo38Kg,0LX2VNf5w4iOHW1yyIqb74
1NKUIcXPJE9LSQLzTo38Kg,7afPAbg5jb45KFUSnHIMFG
3qivRyvKMWAznXNQZqEhsm,3B6UKFIsDwnJUKlJp7qQyU
3qivRyvKMWAznXNQZqEhsm,0awWNjR5qmSZsQVFAo2NsR
3qivRyvKMWAznXNQZqEhsm,3gm9b6AeMf2eGQTLashkDt
6mavodtF2h0nSQ0lKxyew9,56VhOZOF6hwqrbNYwkmcsH
6mavodtF2h0nSQ0lKxyew9,3gm9b6AeMf2eGQTLashkDt
7jP1BjqK9Qkbmk4rq3Vjdy,4Q3xLVaD2uBZGVxmCYuSkt
7jP1BjqK9Qkbmk4rq3Vjdy,001oyhl94fb7YKL6fVqHOo
6O7znyZyyqRaovT8eLYmCh,1silJqJQfrrZNFvWWjAyhh
6O7znyZyyqRaovT8eLYmCh,39ycziDyXzRblGDq5L243I
6O7znyZyyqRaovT8eLYmCh,7Myky2n7ro7FEMaf0HyHtE
3xlk3SVStmEGEWx5FtqpkW,0TMvoNR0AIJV138mHY6jdE
0vIdj6ZxZrHhHjkbsLHap8,7CJgLPEqiIRuneZSolpawQ
0vIdj6ZxZrHhHjkbsLHap8,7afPAbg5jb45KFUSnHIMFG
3GJW3WLsbqcP0HAFlIvzAC,5AmZdY72O0NVE0XxWdMfxv
1wyTNz8p5Oud26977VOfiy,1KoIf5DUkzaITPCCKAhgKe
0vPVqOKo8LWVganQgBZS5y,0MIG6gMcQTSvFbKvUwK0id
43qQhFkhKfHIB3I9gRXiJN,4a6rcjvQs6YOwK5sVlybKV
43qQhFkhKfHIB3I9gRXiJN,3O7w6MOsgE4B0oAUcE9RlE
43qQhFkhKfHIB3I9gRXiJN,63PZAg9EDmsVpftrqz1uih
40xKUqawGB6TCTMgKDAIiG,48FNCGA8dKjcsfTO3TMcAV
7ymW0G0fwclFDcik2TnUKP,0J1gUosYaFbrSG6FkbE4c7
7n5nvulc1oW1ErpeTrNezI,2UHBgxDvOBaIY7hQ8CEAmW
6uwnCniz3o97vni5DCMXdT,5PCDJjJ5dx6Py83CvfvRIO
72ZUblBPFcN7FILPbCtoR5,5Plk4JdCzMxhAHSRTEsxJp
7B3z0ySL9Rr0XvZEAjWZzM,3l0CmX0FuQjFxr8SK7Vqag
7GkU7gkhmocy1lVFSkoi95,1Jvj122gN1QiaYUrNhn3Fq
4HBZA5flZLE435QTztThqH,66CXWjxzNUsdJxJ2JdwvnR
4HBZA5flZLE435QTztThqH,1uNFoZAHBGtllmzznpCI3s
4XIs2mOTfd5pzTw5zlCbJc,06RrXcTszCm5il0HKCD3Dh
4XIs2mOTfd5pzTw5zlCbJc,22d6nqxq33gYU50eC0YV37
2J4DpqJCIuuM9WjtWHbjvd,2jnIB6XdLvnJUeNTy5A0J2
1baHxgYktT8eDdmtTozJF9,77YvCBWe0tTLygpgSJsdOH
1baHxgYktT8eDdmtTozJF9,7rVV9d6vc4FLT752uRuk71
1baHxgYktT8eDdmtTozJF9,5FVBduYaeVBb6JIghza7v6
5xwjEzvJ2OSdnHlzusKNYA,2LRoIwlKmHjgvigdNGBHNo
5xwjEzvJ2OSdnHlzusKNYA,51XrH5fQP2oIQynuKxSWcW
58sCyRSFBV0m60kbV9rtp9,3OcvS8PzSGYMBvLdzY6g3e
5RAIMjdrCEjpjaR5tBATXU,1r4hJ1h58CWwUQe3MxPuau
5RAIMjdrCEjpjaR5tBATXU,7a0XAaPaK2aDSqa8p3QnC7
5RAIMjdrCEjpjaR5tBATXU,1mcTU81TzQhprhouKaTkpq
5RAIMjdrCEjpjaR5tBATXU,2T1aUibqR2QC2sINIDQOAK
5RAIMjdrCEjpjaR5tBATXU,64aJYyrXljOodnUG6jvhRD
5RAIMjdrCEjpjaR5tBATXU,1TtXnWcUs0FCkaZDPGYHdf
2lCkncy6bIB0LTMT7kvrD1,1vyhD5VmyZ7KMfW5gqLgo5
26QApq0cuO9brJigr0C0W4,4q3ewBCX7sLwd24euuV69X
5rexOvEwNWcOsa2OKPXpRC,2eBqkaIfoNsOPCQCQEy5fD
5rexOvEwNWcOsa2OKPXpRC,2KbikmQKGiUPR2ARs1h0sq
5rexOvEwNWcOsa2OKPXpRC,2d7AMvzFwh5wUTuqQl3BAE
5rexOvEwNWcOsa2OKPXpRC,2X22Hm97hQA8mFjSrn2foA
696pTNllVLM7EK9wMIuYdJ,03WNJB1zKyqW8DimkHP4Bg
696pTNllVLM7EK9wMIuYdJ,2KbikmQKGiUPR2ARs1h0sq
29s2dhQ00vpr6eTI00Kc77,0BecZI4vqLoN178y3f16XJ
29s2dhQ00vpr6eTI00Kc77,1YwMnnHvnG64fJxYSVwmN6
4vAReYtMpAAFK6cyTE8WkZ,7Ap8xCd7d0xon5XnkLvn4i
1OamekRfbvahxhtMmojfbK,7EJcUkbBsR4kN822bEa0ZS
1OamekRfbvahxhtMmojfbK,1YwMnnHvnG64fJxYSVwmN6
1OamekRfbvahxhtMmojfbK,3tNPDodRNuLdezJnTsYOqy
3ZQEA3yfMMVcZYHtjYc1S4,2eBqkaIfoNsOPCQCQEy5fD
3ZQEA3yfMMVcZYHtjYc1S4,2KbikmQKGiUPR2ARs1h0sq
3ZQEA3yfMMVcZYHtjYc1S4,2d7AMvzFwh5wUTuqQl3BAE
3ZQEA3yfMMVcZYHtjYc1S4,2X22Hm97hQA8mFjSrn2foA
5KLDajsSLvA5n2zTwKycvF,7EuzcvdfScUqksgKfyN7J0
5x6ggDM895CRGHxS3dwRHz,5SwsSD9zyWaWeVyK9qIW9l
6bGEf1NKIcpuqlo4BfLy7V,5SwsSD9zyWaWeVyK9qIW9l
6WELXrF1hsdUZEcasR1DGG,7wy9Plp8SD5l3LDuJubTcv
51UOsHi1DotcI4708sED8s,7EuzcvdfScUqksgKfyN7J0
0qUlNrJSXzvOvSCOqVwZdc,0i7DYzkG8u0ScquFnDUuvT
0qUlNrJSXzvOvSCOqVwZdc,7Ap8xCd7d0xon5XnkLvn4i
0qUlNrJSXzvOvSCOqVwZdc,4nXezpatStChCEWVvYLjd5
0qUlNrJSXzvOvSCOqVwZdc,6l2TcYHKMr6XQn5hxfD48E
0qUlNrJSXzvOvSCOqVwZdc,36mHwYa65L0WZbAXY2iSGw
3VEvsFY82950YaqNz2vvyr,7wrulS1dfanckBnoxxEuS6
0qA2qykpcGdVl3tiiYum4g,2d7AMvzFwh5wUTuqQl3BAE
0qA2qykpcGdVl3tiiYum4g,6idjJt47PjFydVRrAlNw4C
2oSFHZk3n4gAbPdNbCgZLQ,1IWMpdsWQeTckTQSGVNj8N
2oSFHZk3n4gAbPdNbCgZLQ,7wy9Plp8SD5l3LDuJubTcv
7GT52p7q3ZeE97R6L8w5lU,1YwMnnHvnG64fJxYSVwmN6
7GT52p7q3ZeE97R6L8w5lU,25u4wHJWxCA9vO0CzxAbK7
5qaaQp6KvkEdB2q7SKQAcJ,3RYYha3CC7js2PHbcBHewt
46EJP4xRtHEzOthuhDqo54,1YwMnnHvnG64fJxYSVwmN6
2cawJP5YFZrCvBQQ2kBZAH,67pwWZtcg7U2P2keoeC9jW
7pnQ23WgZca9jEfMts9qsR,1WO1hFAkFbeo9tV3uVX7Dy
0siYMEsGrzzzlWLXK5zJfS,6DgP9otnZw5z6daOntINxp
0siYMEsGrzzzlWLXK5zJfS,5KKpBU5eC2tJDzf0wmlRp2
0siYMEsGrzzzlWLXK5zJfS,1Cs0zKBU1kc0i8ypK3B9ai
4I5bvu2KDsrCg0EWHIcvul,1zNqDE7qDGCsyzJwohVaoX
4I5bvu2KDsrCg0EWHIcvul,1nzgtKYFckznkcVMR3Gg4z
4I5bvu2KDsrCg0EWHIcvul,5fyDppLDl1juIu1BcUT5zh
0UCKUJU94sx8XBQnaNsRkB,5H4yInM5zmHqpKIoMNAx4r
5J5CpT6bgE6KYKk23jgp9W,1nzgtKYFckznkcVMR3Gg4z
5J5CpT6bgE6KYKk23jgp9W,6Ad91Jof8Niiw0lGLLi3NW
5J5CpT6bgE6KYKk23jgp9W,6AgTAQt8XS6jRWi4sX7w49
1tLV0GD0WXQ1Z8BKOQscti,5H4yInM5zmHqpKIoMNAx4r
055Mme9ReKK99jRFA5UJ55,2s7Oijd4mFGgEkhYJtf3sJ
4vzJrkfHbCGaodPA5RY5BV,5H4yInM5zmHqpKIoMNAx4r
7htmRcPbmrY9oenatxz9UL,1WO1hFAkFbeo9tV3uVX7Dy
7htmRcPbmrY9oenatxz9UL,2PJEagPIxaBugeMjIyKVXF
44xO8889yUQHn70P73NILS,6YCM9JwkqdEFQSzztmh4Kb
76Tuo484SLohJakHLnGI3B,3e7awlrlDSwF3iM0WBjGMp
3Iba59sFmGhQ4kbCY5L8AX,5SHxzwjek1Pipl1Yk11UHv
003vvx7Niy0yvhvHt4a68B,0C0XlULifJtAgn6ZNCW2eu
5jvhTc0g18kwYQNUJM5C4e,51DevdOxIJin6DB1FXJpD1
10n66m41IGjA2ZulKPK7Ew,2aZlYOswKNlrwqpuTsckKd
7ng3MkDXpSUVFQEhN6vtqG,2h1EEQ0lD01lPKDRGisvL4
3XeMdSHi48X0XsDHckDhIM,3tJELJoPZ4VTKmL0vppqLj
72t3CRd8YEFrlc3x0OVaob,51DevdOxIJin6DB1FXJpD1
4a1WLOoydq7u011UG9jjC9,51DevdOxIJin6DB1FXJpD1
3kMcV1es4HbWcWBhcteJ8Z,15AZJFNrXtIN4Nk8BIOnS2
3kMcV1es4HbWcWBhcteJ8Z,6CPZWzcKiOKkHn4L2XI4i2
4jq1WK3fiUU2SOhZ0iaMP1,2y1VzMKAa5nmfXKtJL9jnj
4jq1WK3fiUU2SOhZ0iaMP1,5wyWp867LWGjFmYZXVSFnZ
1pgSJ8yNeLCqyrCeix7caQ,50z4meqYMvVCXEv2jDneDN
1pgSJ8yNeLCqyrCeix7caQ,6h5P3J0j1x2lhiDk9w4deZ
7LGuxwQ3PzCxtinavcMlew,1lMEWvvUlwzQ5OKB4w1HTn
7LGuxwQ3PzCxtinavcMlew,7k6KVFItaU7pcBvL6poIi9
6XbuJHhqugUVdJbTdshUEL,1Fg19vpUJpAAPFjnKaVYVW
2EiDxAtcTF4vHAr95ztZwU,1nFJWl30l3PAHei86OxN0i
5KvWAPJDBNXzy5l1bywB7x,6q1sTU51oryTTcWTPTd0VC
5KvWAPJDBNXzy5l1bywB7x,1zofEGCCvRwAdhetK573gb
4KhTyJ1cJeHaY4ZS2u3e6A,4Bdqzh78prwuqwInMb555P
4WixufiyHUgg1jFqkYop2K,4hjJDrv2KkIEW1AslTEtv3
7zrezWXOFZQt6c85kBrxW3,2h1EEQ0lD01lPKDRGisvL4
350aUOZhGtTOK1dQbQFKNc,6LnJKrtFnTEGdbWQ2riWCL
3UtxLgkmTZZkPr6scOEglC,23Q5T7JtqekFJMbC0XKxnh
2qmdgQun2BbLmIRsQsedER,4HSiNCPhdU2snKaVJytlUM
2qmdgQun2BbLmIRsQsedER,7yiLonxrJVgZKSbjo0gh6V
2xIC5DmTHaGBL83a9OUXM4,1qZ684TB9E1BjH58btdtYd
2xIC5DmTHaGBL83a9OUXM4,5JJc8is4VzgOz8ZanDj18J
2xIC5DmTHaGBL83a9OUXM4,4xklx5DAtVru5uf3vSXTgf
5G5CKxNBvl6FRqNdVnmJUC,6SuvCvIgTchPW2bcuXSKzM
3HEfzQob3O16TIDMPC8PTx,0L3wrFI3QcbXAvFL7IaPQX
3HEfzQob3O16TIDMPC8PTx,51DevdOxIJin6DB1FXJpD1
5TOgswBE98S73QjS9KniDY,2r8iLFeSTuOiZualHmSXxS
68DrWFjKkrn2W3mkIRP3bc,7BJjzi0JHyDHAsmVe21dGa
4D36ZNHfLE3joglWbDLn5X,50z4meqYMvVCXEv2jDneDN
6oSiqvaLNJk8PWF9G7jGh8,1dpqJqIuNqideTvmxBsSku
3aXTeIVnDvo2MT1xLTdGK3,2boacFGRX1WIo7NFS8B0F2
0RH1ZApXTLZmEexGJaBUX2,25gzpFRLdteuie1gW4a4hK
4LW7pZxqjg9y3W1k3tHCJv,1lMEWvvUlwzQ5OKB4w1HTn
5hOHq0l62utc2aP7YSso2Y,0wCKNMsqYasJBFVagjay49
1vLkBVAy8ZWrqcQjYTPP3a,0w92tV1EQp7sxly7UjGR4P
1m5zdKxtqhzg3S4WdiHJeo,6CPZWzcKiOKkHn4L2XI4i2
1m5zdKxtqhzg3S4WdiHJeo,5FqTuN42w2zGw4Pzd50yaS
5jSjin6KJMH6WT68YnE7bW,4Vr0nv4nM4aqWfj76zDTTp
5NPg92vbjaGk4q9mh7MMEM,2AWUCT9xtcvkjpFq1ZgpPj
5NPg92vbjaGk4q9mh7MMEM,7k6KVFItaU7pcBvL6poIi9
4PpYi6USHlY7OhOcDASnD3,51DevdOxIJin6DB1FXJpD1
4PpYi6USHlY7OhOcDASnD3,6dOAGo4z0syiCjbnlh4VSO
087cds8zjbUmokjg2jdMOp,03cvjFEHz8eGwYHq1L0Pp2
4Mn7EwPnxAAV2xLenSfsAE,0FUsrstJwmg4WVHQMTYuUA
2ReOPzZ5eaKbZjLhlMjxDT,3cNwyF5SboOs9icz2XyotE
2ReOPzZ5eaKbZjLhlMjxDT,35ngoeYRyOveM0rPvahkot
5TkQatzJqKafPgHQerZ0dL,51DevdOxIJin6DB1FXJpD1
5TkQatzJqKafPgHQerZ0dL,3BVPc9s4JXzM6O1InlLxED
5WT3ohLdg04eUy9Bz2sRsi,4XP7cGw4t8BqZ8Du5q3bHg
5DJEXxOutnFD5GEUVk88yE,7gobcoscOfsY0nOeqqFzvU
6VIGABEcC3uzw0Bque9ux5,1eQzZsJAtBVhN9WP62oXM2
2SNvFw3DuQxfeReepENclp,5gFPi3KWXEwA9bLEO47Ow0
2SNvFw3DuQxfeReepENclp,46zuW8tHxwahYn7VNMgYTa
3QWpTf2VIdELYUUiKJAXlI,5G3OUmDl3R4rEn9zSWZTpw
2OzcQ5gL1VNcOe7FkmE2St,1lMEWvvUlwzQ5OKB4w1HTn
6IW5ocUH5DRWagxkLTlbUS,51DevdOxIJin6DB1FXJpD1
1h1JMmAzXR6lWJ7KnJQkU7,0T49oz78JYl4FkVJPGlJiD
3bUDPTCStUeLcUgXgvepQh,0kjGPGtoyKwKVOZAKmv5K6
3bUDPTCStUeLcUgXgvepQh,3qvcCP2J0fWi0m0uQDUf6r
2dWbucCC3cVXQWi6JaL7js,4p2ytjUztJseG5ujVkv5Po
2dWbucCC3cVXQWi6JaL7js,7crp1tZcefnjT5RuL6WZQ0
2dWbucCC3cVXQWi6JaL7js,1pPbDeOdNUcLq32HTTLbZm
5QU2pHpvyaiTZ0E7cJYlq3,6PIIKavZx20FlVKyIvb4Um
0WmSoWksyfhCME62WhkP2U,7BcPoZhXI08icbiq1mpxFx
5TqGewrmzgeb21FYQC7mJZ,2swvbEAfN70ZFcQB4Y7MaS
5TqGewrmzgeb21FYQC7mJZ,6XjHGcba7ZbaZ6nYtwhaCj
5x2NQmYWyqExdyyXjNIWh3,7BcPoZhXI08icbiq1mpxFx
20cn2KYYgyuxXRC3WynYZn,0Dx6HmR7Rhi8G1osUOxAew
20BVQh0gMBhzcBpeCRi97F,39HJXjH5hKcCzaU0g6mv8G
4E7BWWaFUfafkyU8JOniFx,5jfz7uWPwf03hdEewW8AI8
6lElXo5x9oyqvIUcG7gP7d,5jfz7uWPwf03hdEewW8AI8
5nDC64IJvxLWzBCQCfFuIw,2e8RAcYXYt5IStoaaQWcG8
3x3vUHznzPNEbXTJBUkhZb,6QHREBOQktWsYBfrxW93rk
5UJIchMHQvPgr244MecVzO,0DxsiYPUEWLY4HjaUDM8Lk
5ZVoLA2YyuhP4JUUM3q72J,2DEfqyWjAMIfKYMXb1V8L1
4jqFmO5Jtbyu0Y1esuO2n0,5jfz7uWPwf03hdEewW8AI8
65sTVVVMDnczku5Gt2PTmt,4cG43cUBRJWWDsRh4SW48i
0aJwgjOHTpyw0hw4nXl3Xd,6gvVFtkTV4OCyQSCzGgU1h
0aJwgjOHTpyw0hw4nXl3Xd,1JdsdDwTcng1Iw8IYEw4Ko
35nvMkQglkoeydD81a0b77,721o1Z0J6jQupyzLt9RnEk
5efRbEnxrNDKEql0u8Ligh,5m2pDQbSRuWbxRR1FUcHle
2ePtv8MlBO9nuuXABqAfEX,4b19vuzlDcNdU4quI7L6sW
23Eonfmg2iwhn0NSbPOqjf,1bpca6RQE5kp92pIwPMBE8
4gqH5pgWqzKMo0v4vcoVmX,0ql0Aw24KJaMeOVlwadzFE
4gqH5pgWqzKMo0v4vcoVmX,1bpca6RQE5kp92pIwPMBE8
4gqH5pgWqzKMo0v4vcoVmX,2A3rmRL2kja5NoroAGdZPb
2687fXBlOk6u6fiwLJ4E1l,4cG43cUBRJWWDsRh4SW48i
2687fXBlOk6u6fiwLJ4E1l,6gvVFtkTV4OCyQSCzGgU1h
2687fXBlOk6u6fiwLJ4E1l,5lEkQtWa3UKlI1hj7sktcd
2687fXBlOk6u6fiwLJ4E1l,2AHugDX8XYbm2SNxbvptQW
5PJNHy1xww2n6VdwonZBOB,145RezaSLWGxp3SLnAcHPr
0twbASvGKPDvbWviKZcpyy,0ZDbrXYXNaO94VjgXjdFh7
0E92CGQj3E7REEC9TWqYze,721o1Z0J6jQupyzLt9RnEk
0E92CGQj3E7REEC9TWqYze,6gvVFtkTV4OCyQSCzGgU1h
3fBpzO81OXrmZPKL0KG8LF,721o1Z0J6jQupyzLt9RnEk
4iTXkX6gxdAgB03WlFcu4N,28oxY7ZfDt1BJFf8FVfpEh
4iTXkX6gxdAgB03WlFcu4N,6gvVFtkTV4OCyQSCzGgU1h
4iTXkX6gxdAgB03WlFcu4N,1JdsdDwTcng1Iw8IYEw4Ko
4iTXkX6gxdAgB03WlFcu4N,6h21bjxQyGzWnFuHSgUuKg
4iTXkX6gxdAgB03WlFcu4N,1VYGcdpoaFPzLGZIdST4u0
05ApNVIBssPKqyyKiydA6D,4cG43cUBRJWWDsRh4SW48i
3H7ihDc1dqLriiWXwsc2po,0u6GtibW46tFX7koQ6uNJZ
3H7ihDc1dqLriiWXwsc2po,5Wg2b4Mp42gicxEeDNawf7
6qgMr9LacgnihY9IdYriMP,5gRumjUBK1fHfuOlQxspJ9
24uwSyNSroMsm845cJXfWG,6gvVFtkTV4OCyQSCzGgU1h
5mZB7xVhF6kfprZntquCVy,2L3W8TmknCpxsOCiZQixyl
5mZB7xVhF6kfprZntquCVy,7gQ6tkspAoOOoDaCuVcSwH
5mZB7xVhF6kfprZntquCVy,1bpca6RQE5kp92pIwPMBE8
1rgnBhdG2JDFTbYkYRZAku,2NjfBq1NflQcKSeiDooVjY
6wQufshN8RwGazPyDQ0WXM,7ur9H6w9OqIgWrmM2GUWuB
6wQufshN8RwGazPyDQ0WXM,0dxkgaBNqak7UBqLB1sZrQ
2tFwfmceQa1Y6nRPhYbEtC,0EFisYRi20PTADoJrifHrz
2tFwfmceQa1Y6nRPhYbEtC,4q3ewBCX7sLwd24euuV69X
05lNOE0iWEcHRFD2lZuZZE,5UopXhshFFqRIMfeZrBclq
05lNOE0iWEcHRFD2lZuZZE,4tM8sp8yDce3Km1pYHQb6Y
05lNOE0iWEcHRFD2lZuZZE,4UcGO4hOufILa9qGd3KOCo
05lNOE0iWEcHRFD2lZuZZE,4ncaw2cfA3Wlly1tBD2eWt
05lNOE0iWEcHRFD2lZuZZE,53cVnpkm8dTmf20tssYSNF
55hvx2D6b0xar5U66kl4MG,2oQX8QiMXOyuqbcZEFsZfm
55hvx2D6b0xar5U66kl4MG,2iI5KWXLjw1tqLQsdjuo0e
73O30uMI7n6DuzBmbtO7kC,2R21vXR83lH98kGeO99Y66
73O30uMI7n6DuzBmbtO7kC,1i8SpTcr7yvPOmcqrbnVXY
2VCqHhpgat5QoYOB9chpt1,4yxglAiH5h8Db7TmN0MUr5
2VCqHhpgat5QoYOB9chpt1,329e4yvIujISKGKz1BZZbO
2VCqHhpgat5QoYOB9chpt1,1AACxWCwNIa3ecOBQJnXRV
1wkfytfHLwJknHpMJZMlxk,4riOEaOW5hCeqomFDBk0aP
0oBE11LSGSaccEBtk4lJEe,2qHuI4Avg4Dbowhu8whV9e
0oBE11LSGSaccEBtk4lJEe,2HPjwOl5k2CHqjHyjtsdDe
3LqhDUTrzOxYrGw5nEEAwr,39FKVjqhZLz4E1iG77d5AO
0lCHRVlRZCEyLj3Gkc1nv1,2oQX8QiMXOyuqbcZEFsZfm
0lCHRVlRZCEyLj3Gkc1nv1,37230BxxYs9ksS7OkZw3IU
0lCHRVlRZCEyLj3Gkc1nv1,329e4yvIujISKGKz1BZZbO
0lCHRVlRZCEyLj3Gkc1nv1,14zUHaJZo1mnYtn6IBRaRP
0lCHRVlRZCEyLj3Gkc1nv1,7iK8PXO48WeuP03g8YR51W
0EaBXOqo6TNIIhHctCbQPi,2p4aN0Uxkk3iT3HK0cJ2cJ
0EaBXOqo6TNIIhHctCbQPi,1tfhFc2Y8iplDKCteuXjCY
0EaBXOqo6TNIIhHctCbQPi,4xe6s55EDjpRpyZsrFoiWh
3F5OoUJSVVC1f5PwOxcx0N,2R21vXR83lH98kGeO99Y66
3F5OoUJSVVC1f5PwOxcx0N,1i8SpTcr7yvPOmcqrbnVXY
6bvfJf4KjonPMuPfGfy3S2,5hdhHgpxyniooUiQVaPxQ0
6bvfJf4KjonPMuPfGfy3S2,2R21vXR83lH98kGeO99Y66
6bvfJf4KjonPMuPfGfy3S2,7iK8PXO48WeuP03g8YR51W
6bvfJf4KjonPMuPfGfy3S2,1GKIlPFdcewHtpDVCQ8zmJ
6bvfJf4KjonPMuPfGfy3S2,3Wb38LDP3N4tkobValgE9D
57Ba26w9eoXx8BBUNgRNLV,6HqgxkTt9KGyt27zYrwVan
57Ba26w9eoXx8BBUNgRNLV,6wcKDqJRY3TzbcdRKo6EiE
57Ba26w9eoXx8BBUNgRNLV,71FfEgML4GAokNHmW1GKPF
57Ba26w9eoXx8BBUNgRNLV,7iK8PXO48WeuP03g8YR51W
57Ba26w9eoXx8BBUNgRNLV,1pQWsZQehhS4wavwh7Fnxd
57Ba26w9eoXx8BBUNgRNLV,11YLRSsZA3YVuQQtHXKTlz
4R8BJggjosTswLxtkw8V7P,0EFisYRi20PTADoJrifHrz
4R8BJggjosTswLxtkw8V7P,1vyhD5VmyZ7KMfW5gqLgo5
4R8BJggjosTswLxtkw8V7P,4q3ewBCX7sLwd24euuV69X
7IoTZnck9r11NCj5M0QG81,2cNMMulo6S2a0tHrwX2s6i
7IoTZnck9r11NCj5M0QG81,79Pc4RR5E625J7dK543jDw
1Ae5AcTlKsTEpksomr4oDK,7j6Zzcpz7gTNPh69USgO8C
6vzXc5nsa0JTMfAtWrZkIN,3gDHpjemovd3LuV3tHgjOq
06HOLlh8Sh5jHptg37zMSz,2rdUWyphqOltYR6zPaMPrU
06HOLlh8Sh5jHptg37zMSz,4PLGCdwxxGsxNXX7G7Spug
5VEZQNZWsZaKb1Y2jB8SWJ,2cNMMulo6S2a0tHrwX2s6i
5VEZQNZWsZaKb1Y2jB8SWJ,5LWs2DNQhJXiG6X2o4XUpQ
5VEZQNZWsZaKb1Y2jB8SWJ,6Z3GmozKVgFxFcP2Qzp0Fp
5f8CcmWeRg5KzHSPNu9XPx,2ZbuL9QHBvRoB61NSaI35E
5f8CcmWeRg5KzHSPNu9XPx,3BtEY5R06YAu1KVF2rvNjg
3TKhfQOOHtA7QNtoju4cXn,2cNMMulo6S2a0tHrwX2s6i
3TKhfQOOHtA7QNtoju4cXn,5LWs2DNQhJXiG6X2o4XUpQ
3TKhfQOOHtA7QNtoju4cXn,3lpAVEsShIfqY7OTfkzA43
0rWtmMYqgd9pqRvqKf5bYw,6acByqWJeuaM0TX5VoY6an
0rWtmMYqgd9pqRvqKf5bYw,2MLT9mFQ7sikVVqUx0tPry
2NnJpRXIlx35Vij3bPZO0h,6TIYQ3jFPwQSRmorSezPxX
2NnJpRXIlx35Vij3bPZO0h,7yntSJ6uojO3z6GFUVwhAW
3s8MM2twymVva7oi9EP5GX,6acByqWJeuaM0TX5VoY6an
2xtLPeeUmIzM1hFw2qeH4U,6acByqWJeuaM0TX5VoY6an
2xtLPeeUmIzM1hFw2qeH4U,2cNMMulo6S2a0tHrwX2s6i
4Lz2u7kw16ATv0iKQhQ92f,5rr7mN0kRk6dsm1DVwRBFx
4Lz2u7kw16ATv0iKQhQ92f,4vnAcwsYeJD9QcQsowEuKN
4Lz2u7kw16ATv0iKQhQ92f,1LsT8mVsiQAq4d4OmYaxxh
4Lz2u7kw16ATv0iKQhQ92f,0MjPNmazpZOmBH1nOMaeQY
2Lhdl74nwwVGOE2Gv35QuK,4IJczjB0fJ04gs4uvP0Fli
1AWlHjLlyhES65AFbPr1cl,5rr7mN0kRk6dsm1DVwRBFx
1AWlHjLlyhES65AFbPr1cl,4vnAcwsYeJD9QcQsowEuKN
1AWlHjLlyhES65AFbPr1cl,1LsT8mVsiQAq4d4OmYaxxh
1AWlHjLlyhES65AFbPr1cl,0MjPNmazpZOmBH1nOMaeQY
6e8woXAZJO7CNxahQ35dQR,5nZADoZFWVB90dHpk5zvXy
6e8woXAZJO7CNxahQ35dQR,5LWs2DNQhJXiG6X2o4XUpQ
75b2fc9BE2c3JnVAmh6VZK,6kvEy25jX5e1RtdFn1Eo3X
12Kknh5NqqAukiyevjDQkT,55jryyk7RhvMbrvoF0ndBh
6HtFG40G9snJdzfSCQFnqJ,5rr7mN0kRk6dsm1DVwRBFx
6HtFG40G9snJdzfSCQFnqJ,4vnAcwsYeJD9QcQsowEuKN
6HtFG40G9snJdzfSCQFnqJ,1LsT8mVsiQAq4d4OmYaxxh
6HtFG40G9snJdzfSCQFnqJ,0MjPNmazpZOmBH1nOMaeQY
3smz3AIUQuXZGHri0m2xHu,2cNMMulo6S2a0tHrwX2s6i
2kS6td1yvmpNgZTt1q5pQq,0e86yPdC41PGRkLp2Q1Bph
5g5GOBG3mTODUxegwjK4VL,0WxSlQlue0fq99fXfGBmxA
6tGl1mj5CyoB1hUtOKyhkQ,1UdbiTrv73Dp7F0s3OHmn2
6tGl1mj5CyoB1hUtOKyhkQ,0vUcZVCNG7i5OV0zb8Icfw
1vBxWdcP9a25Zv7dbsTN9M,5VzicjuhIv0IwMz15hEORa
6zFIf7W0pKa9HO50dw5E8u,4YiKEuOS5GwMujJMkIPGFN
6zFIf7W0pKa9HO50dw5E8u,7bg4UOzqHiULOABzTycGyX
6zFIf7W0pKa9HO50dw5E8u,0OFppp8Z3TaehuqGoC6BD1
54EXZcuRYIFW75Y5Bxenxt,6YYOTK6Qyv6PuFipPxCCoe
54EXZcuRYIFW75Y5Bxenxt,6nidPawoE1wPgAtFmeyXyR
06Rn9dPc1lxouC62whG3l6,5q2IdmHx3SBYq1l5IixqTZ
06Rn9dPc1lxouC62whG3l6,7siPnM6FjNP8KnXO5YDwAH
0Az2D1ByNU09je0ZtzDcHm,3KcZf8BFeFBtnGyOZmUggd
0Az2D1ByNU09je0ZtzDcHm,0vUcZVCNG7i5OV0zb8Icfw
0Az2D1ByNU09je0ZtzDcHm,0ydmHwy5hFIaJEoZWWcKxC
0Az2D1ByNU09je0ZtzDcHm,1UdbiTrv73Dp7F0s3OHmn2
7sqV5wrcZH0B4q8X9uHKFJ,0JDrljGBQpzIKFIcZ4R1H4
7sqV5wrcZH0B4q8X9uHKFJ,7bg4UOzqHiULOABzTycGyX
5tdAToNfTBrzl0CouCqepZ,6SWOdiks4Ac3lMM8NCqDm0
5tdAToNfTBrzl0CouCqepZ,0fxvzvlu3VQV3wDIhAxBmn
0Vo6x7xCIqQlnm2XbLZ6mF,1UdbiTrv73Dp7F0s3OHmn2
0Vo6x7xCIqQlnm2XbLZ6mF,0vUcZVCNG7i5OV0zb8Icfw
7eZxh83S9spEfb3gAIcZZW,7bg4UOzqHiULOABzTycGyX
6m9mAgw4rMkGUkHuSAFdDB,1zeAbUJAbLOWeYpgRVnYmu
4M8I7zcnQYsGH5thn1J0sC,0WxSlQlue0fq99fXfGBmxA
4M8I7zcnQYsGH5thn1J0sC,3KcZf8BFeFBtnGyOZmUggd
4M8I7zcnQYsGH5thn1J0sC,2CeSpJpSDU42CUgPdGfyo0
5008Rz0J8beglZBqnvSUCn,5VzicjuhIv0IwMz15hEORa
5008Rz0J8beglZBqnvSUCn,1UdbiTrv73Dp7F0s3OHmn2
1JaBJC3gj7jSsNxsnYTzhj,3KcZf8BFeFBtnGyOZmUggd
0VU7tVsFwlKpvZn6ZLmao5,2t6NEGChLyMUnGnW1LupcS
0VU7tVsFwlKpvZn6ZLmao5,1tHNXjqv2f4qfAldD1hF5I
0VU7tVsFwlKpvZn6ZLmao5,7c1CwrwA6sF60lCa7OwP0F
1VYv1xH7yUl0b43UVR6yA9,0JDrljGBQpzIKFIcZ4R1H4
1VYv1xH7yUl0b43UVR6yA9,0MyAm8pgx6zC6FGXUHHoUj
4Bzee1IYWlqVHKdksLjGeo,1zeAbUJAbLOWeYpgRVnYmu
4Bzee1IYWlqVHKdksLjGeo,7zYmrye7LvmpMkfHWrENu9
0LgIHffVhGleMeHORs7dUl,45FQfgBXKsdtElNqmKeJTC
0LgIHffVhGleMeHORs7dUl,6wN4QyhoM6fN49kEB25rnl
7AZ8APzmxt0McQXnEXBq44,1UdbiTrv73Dp7F0s3OHmn2
7AZ8APzmxt0McQXnEXBq44,0vUcZVCNG7i5OV0zb8Icfw
3F8ZuhmuIIIYkks2cqBiXZ,09admC8JPSuizanrDUzWtd
3F8ZuhmuIIIYkks2cqBiXZ,48pDK4NOqLtJxn5AAKVUra
3F8ZuhmuIIIYkks2cqBiXZ,6wN4QyhoM6fN49kEB25rnl
2GOnF9OwX7CSCHzinCr3VY,1UdbiTrv73Dp7F0s3OHmn2
2GOnF9OwX7CSCHzinCr3VY,0vUcZVCNG7i5OV0zb8Icfw
3tEIOasqpy7ghhcu5ueqGp,0VGybH10ziMPo99SYOwMoQ
3tEIOasqpy7ghhcu5ueqGp,7siPnM6FjNP8KnXO5YDwAH
4iWDvVZZgRVgVnTtHOkHXp,1UdbiTrv73Dp7F0s3OHmn2
4iWDvVZZgRVgVnTtHOkHXp,0vUcZVCNG7i5OV0zb8Icfw
4UuBQ99c4tWPPsHYOwfVNg,2t6NEGChLyMUnGnW1LupcS
4UuBQ99c4tWPPsHYOwfVNg,1tHNXjqv2f4qfAldD1hF5I
4UuBQ99c4tWPPsHYOwfVNg,3G85NIbs2Vox1KYCguH62c
63EAiTyIoMDs4YpxAQyOHd,2t6NEGChLyMUnGnW1LupcS
63EAiTyIoMDs4YpxAQyOHd,1tHNXjqv2f4qfAldD1hF5I
63EAiTyIoMDs4YpxAQyOHd,4G41cPMZAY0WYgHMeiE45z
63EAiTyIoMDs4YpxAQyOHd,4ge6vi0mSL94wzk0F8vyM5
63EAiTyIoMDs4YpxAQyOHd,3IO1bbkavSEo4hKYotzvvE
63EAiTyIoMDs4YpxAQyOHd,3G85NIbs2Vox1KYCguH62c
63EAiTyIoMDs4YpxAQyOHd,2hEn0soDWq9eFh29PVmbOr
1gK70fcr4UnSDmP7KXtH0F,0JDrljGBQpzIKFIcZ4R1H4
1gK70fcr4UnSDmP7KXtH0F,0MyAm8pgx6zC6FGXUHHoUj
1gK70fcr4UnSDmP7KXtH0F,4YiKEuOS5GwMujJMkIPGFN
01Y0KGT7VzixtLyOj44x56,6wN4QyhoM6fN49kEB25rnl
3xESR3mhjnxZETiVKbdXhI,3KcZf8BFeFBtnGyOZmUggd
3xESR3mhjnxZETiVKbdXhI,1zeAbUJAbLOWeYpgRVnYmu
3xESR3mhjnxZETiVKbdXhI,48h12D3cJbqfn1ReVL9qbw
4Fm245UeLvLw0DmDashgnw,2t6NEGChLyMUnGnW1LupcS
4Fm245UeLvLw0DmDashgnw,1tHNXjqv2f4qfAldD1hF5I
4Fm245UeLvLw0DmDashgnw,7c1CwrwA6sF60lCa7OwP0F
2bOecD7P44uS2bbd7EBfYB,2t6NEGChLyMUnGnW1LupcS
2bOecD7P44uS2bbd7EBfYB,1tHNXjqv2f4qfAldD1hF5I
4lRQP4PC7ZHQnkPuq8N52N,6wN4QyhoM6fN49kEB25rnl
4lRQP4PC7ZHQnkPuq8N52N,1UdbiTrv73Dp7F0s3OHmn2
4lRQP4PC7ZHQnkPuq8N52N,3KcZf8BFeFBtnGyOZmUggd
3sDM5Gru9kHWuyWPnQVRwo,0JDrljGBQpzIKFIcZ4R1H4
6CG4hzdavLVJYrLq8MfH7i,7bg4UOzqHiULOABzTycGyX
73d7q3kVVIgfCUK07bVIVH,6wN4QyhoM6fN49kEB25rnl
1R5MdJm6JiHXjJPxUJ9w4F,2t6NEGChLyMUnGnW1LupcS
1R5MdJm6JiHXjJPxUJ9w4F,1tHNXjqv2f4qfAldD1hF5I
1R5MdJm6JiHXjJPxUJ9w4F,2lxAO4k1GdoEMQRbdpboME
1ObRO6vf0rLZJ57iT2Y3df,3KcZf8BFeFBtnGyOZmUggd
1ObRO6vf0rLZJ57iT2Y3df,1fAotS2jUxpI8bnIxd5cIR
69vlMrzHwATKzupwNcUPyK,4q3ewBCX7sLwd24euuV69X
69vlMrzHwATKzupwNcUPyK,4VMYDCV2IEDYJArk749S6m
41wtwzCZkXwpnakmwJ239F,4q3ewBCX7sLwd24euuV69X
35wvL50xvKpCHEJPxLOLPI,4q3ewBCX7sLwd24euuV69X
78Jj0xPR2y4KMAtYuWpRly,474u1cnCRF41ym7ZNBddcc
78Jj0xPR2y4KMAtYuWpRly,36iInicUixdGClV7bnMvTW
7EQq2RCCbFOR7XnN5J1vTv,6EIriUxo7vznEgJtTDlXpq
7EQq2RCCbFOR7XnN5J1vTv,5NydObjtRsTiElOzm5vmgs
1lzJmwdvxnJdnKUcedpOWx,5ALUgNuS421MZrrrAhM9Bv
1lzJmwdvxnJdnKUcedpOWx,1O4dvMoyQSIClCii6DSai8
7a53HqqArd4b9NF4XAmlbI,4npEfmQ6YuiwW1GpUmaq3F
3sUOONjFxjepoSXvKYrz5E,3PMRY3PR5xAe5UpRfPPuaG
3sUOONjFxjepoSXvKYrz5E,0CJxR2iBZb64SRwApcj2Ev
59qrUpoplZxbIZxk6X0Bm3,07YZf4WDAMNwqr4jfgOZ8y
51Of5p3lKZeOg6itfs4og4,7ACEUD7UsmmXrnj4OLt8f9
5uWUKvPNekWal505BdKgfD,1O4dvMoyQSIClCii6DSai8
5uWUKvPNekWal505BdKgfD,3RDALl5RyRDHPryF1uyWwG
0GsltzHgCGCiQvskZggDDj,1vpC76RZf9ndFkOEB7agn9
0rHuCRM0BhYtxse5qLv0t6,4vQW9JcctfeFaBjmGPr8h0
0rHuCRM0BhYtxse5qLv0t6,0Cw3CfY5WSyltweEK71keH
5PHgY9VKDWLk5YNA1bKw9f,1UIPahyz7pEKaU6RQvU3FC
25dMOeb3nDs8BPjxrQyOjR,1snweZ1pZSYrpF1O05SDbz
25dMOeb3nDs8BPjxrQyOjR,68Jq7F4V4Cpi8HMfWJUyei
1X0AvW2wtoDeuluMYqJMdH,5iAyJ9oWG7fGCxppLihaZa
1X0AvW2wtoDeuluMYqJMdH,35BhE5C6szF898n5WgUSgO
0vrf1NID7s25S8ISHVZlQM,5ALUgNuS421MZrrrAhM9Bv
55yTm9krr4hVGc1czrAMF1,5ALUgNuS421MZrrrAhM9Bv
6lKpd6GlJzsPkXq73GnUW6,2ot1BrqrtRXWOgvlv4PxLl
7mGZklollA25HGdPh3jWeW,0MtTfq27LQu7CmE5t308Up
7mGZklollA25HGdPh3jWeW,6opz1Ax3VqCmeQBGax1erx
4O0LQKVT6hGmVGNwizmydg,3Hb64DQZIhDCgyHKrzBXOL
5VrbuzqAjCAFSa7MpGRXWI,7FRQP6Ivwv3DQCLxpR3I6Z
5VrbuzqAjCAFSa7MpGRXWI,4YnmlfVdziLiqFQtQ4zTcq
5wGoaKvq8Vlst7ZqKyQbvn,2mgonCuv2QEZZbPOatCbyu
5wGoaKvq8Vlst7ZqKyQbvn,1FvIWbYLm8dBezbdjucrZb
5qI0p2E7BxBxYRJknYr6Gg,6opz1Ax3VqCmeQBGax1erx
04ZMCgKlsRcTDrxGMKCrAx,0hHSuSCpKFLU5twpJNTO3t
7DRDJ5ZzU7mj7CfRxGYzOY,6opz1Ax3VqCmeQBGax1erx
55CSBM2ebqdGhLwpyZfl07,4ynaUZA4BVF6d2XaNuflVz
1jnKjUwZG3X1LhqeVY09eN,2OsysEFABxUiubXfbfmrWF
0IdsoEg5mjXNqlrskkzWjl,0MtTfq27LQu7CmE5t308Up
07pDiOE4MapRnzP6KdrRKX,6opz1Ax3VqCmeQBGax1erx
215DAsePr8LKyzyF2sScV7,21SqAOtuXFpwygK1GNxjTm
2VvV5w6oTybLoO9pcRpgTz,0hHSuSCpKFLU5twpJNTO3t
2VvV5w6oTybLoO9pcRpgTz,6opz1Ax3VqCmeQBGax1erx
44APbTIWsNtA4lJivNJSQ6,1tNJibl39hvCIVSnGaiwx5
1JErDzdamBvSZQr7xaDToq,6opz1Ax3VqCmeQBGax1erx
5dPMGUpSV58vMTW3CgGqTZ,59htr4yXXXa644Rbl4Ckuw
2ufLEVbzvEcJ3subW8jBUp,1tqysapcCh1lWEAc9dIFpa
2ufLEVbzvEcJ3subW8jBUp,4f7KfxeHq9BiylGmyXepGt
2ufLEVbzvEcJ3subW8jBUp,5HcunTidTUrOaf8V0iJcvl
2ufLEVbzvEcJ3subW8jBUp,44oMI9xI4kcCub3qbpYPdb
58f4twRnbZOOVUhMUpplJ4,6LEG9Ld1aLImEFEVHdWNSB
58f4twRnbZOOVUhMUpplJ4,4vvW590Gq8dNWsP5BM9FkS
58f4twRnbZOOVUhMUpplJ4,5DHi2MeoRgAwPE0A0qwRMl
58f4twRnbZOOVUhMUpplJ4,6aQfrWHwAcuY8IYItbChZh
2PEo8JQ48mfEv8a2HLqDvt,1mBydYMVBECdDmMfE2sEUO
2PEo8JQ48mfEv8a2HLqDvt,15UQcr22jcc6DJjy3sLv3J
2PEo8JQ48mfEv8a2HLqDvt,6SZBqn91m2QZDcbzmHUFPP
2PEo8JQ48mfEv8a2HLqDvt,7pauOFC9bRqioSX30AvNkG
1smFN2CLqGROu0J0UyvDfL,1wRPtKGflJrBx9BmLsSwlU
1smFN2CLqGROu0J0UyvDfL,4YRxDV8wJFPHPTeXepOstw
2FCXQHugkoHE1K3tiDu8pu,3gBKY0y3dFFVRqicLnVZYz
2FCXQHugkoHE1K3tiDu8pu,4YRxDV8wJFPHPTeXepOstw
39QJ7KkN3L8LLqQqsO85W1,7uIbLdzzSEqnX0Pkrb56cR
39QJ7KkN3L8LLqQqsO85W1,5f4QpKfy7ptCHwTqspnSJI
39QJ7KkN3L8LLqQqsO85W1,1UhspKnJSXSz6I0pFtZhuy
5mnvugwfFYnJm9zuyGkgqF,1ZChN8G1Y7CJ0TXbrvblwS
5mnvugwfFYnJm9zuyGkgqF,7xyGjFQhwVUrjYeGTzehMG
6Z40IRipd6pNcUULY6SXng,4A2XSc4OJjuPY4l6NjnrDj
6Z40IRipd6pNcUULY6SXng,5FOhBMFQo0pDhvISlFmxdi
4vwPirpSJCOiIsgxMV4Xcv,72beYOeW2sb2yfcS4JsRvb
0vqw3BCyNr3DDVBmjD21H8,1Oh5bPXjw5jreVFhKc4jux
5O932cZmzOZGOGZz9RHx20,1wRPtKGflJrBx9BmLsSwlU
5O932cZmzOZGOGZz9RHx20,4YRxDV8wJFPHPTeXepOstw
4hOsYVSWKWP71u3yQbcqZB,4eB5clMaoi0cCRnCwLkkiS
2Fv2injs4qAm8mJBGaxVKU,4YRxDV8wJFPHPTeXepOstw
2Fv2injs4qAm8mJBGaxVKU,09UmIX92EUH9hAK4bxvHx6
1r6sFC5J0p9r3jcfIoSGDM,5f4QpKfy7ptCHwTqspnSJI
1r6sFC5J0p9r3jcfIoSGDM,1tqysapcCh1lWEAc9dIFpa
1r6sFC5J0p9r3jcfIoSGDM,5gZhfbckaWo89OzDSk3gdT
3jxNbVmugKWFFc3YAVl0sD,1wRPtKGflJrBx9BmLsSwlU
3jxNbVmugKWFFc3YAVl0sD,4YRxDV8wJFPHPTeXepOstw
0qOnSQQF0yzuPWsXrQ9paz,4IJczjB0fJ04gs4uvP0Fli
0qOnSQQF0yzuPWsXrQ9paz,4bYPcJP5jwMhSivRcqie2n
0yCWDaAgOtg6TKlNCg9rwA,5NHm4TU5Twz7owibYxJfFU
2g8fA9Ijc3sAlfkQFlYxsf,1mBydYMVBECdDmMfE2sEUO
2g8fA9Ijc3sAlfkQFlYxsf,1sVmXkzX2ukc6QvasrDBES
2g8fA9Ijc3sAlfkQFlYxsf,0NErdIJtuKBjtxKmlqaWdj
2g8fA9Ijc3sAlfkQFlYxsf,7tH8oZj2nLERlp2hE5QNjp
1orM67pmkNc4alrZkWjYkV,5rQoBDKFnd1n6BkdbgVaRL
1orM67pmkNc4alrZkWjYkV,3tPQOjkxO3mrYrrgkTeXgH
1orM67pmkNc4alrZkWjYkV,4f7KfxeHq9BiylGmyXepGt
1orM67pmkNc4alrZkWjYkV,76jfMJlfNPQsOBblO0ZaEA
0WdbnNKO0Jt4BZACSDQh44,4YRxDV8wJFPHPTeXepOstw
0WdbnNKO0Jt4BZACSDQh44,19LIHDDSHBD5NyYHI3gpzB
2W9awzkFJzPRddvLXtCSOU,2ZzyxohC32i649slMn9Kgk
2W9awzkFJzPRddvLXtCSOU,6DARBhWbfcS9E4yJzcliqQ
2plj6f8TqOF0YNuHd2VzJD,3dN9MQpjIyNxyeRfz4EDZe
2plj6f8TqOF0YNuHd2VzJD,1tqysapcCh1lWEAc9dIFpa
0b4HHjeg2b8xLj28WWnUkM,7GgAwYJnBBFT1WogNWf0oj
0b4HHjeg2b8xLj28WWnUkM,0ea0y5ZxnN5TbEDzNtx5Fk
2BcPFQ7nrtUObgAs72xaac,4zCH9qm4R2DADamUHMCa6O
2BcPFQ7nrtUObgAs72xaac,1GH0DojDQJeEKQ4BDMShAL
7zKzD5wM18bQSiJTAxTpwH,4Ai0pGz6GhQavjzaRhPTvz
7zKzD5wM18bQSiJTAxTpwH,1oMKeiHXRkg7tNqwhaS3fu
7zKzD5wM18bQSiJTAxTpwH,7qPISKHhhKDLZTmYcX7bWd
7zKzD5wM18bQSiJTAxTpwH,3vQ75vDDu0nhfHuEW3n17Z
5SYcKZYmQnHBW1LGLOi8sH,1SyKki7JI1AZNKwgNMkn25
5SYcKZYmQnHBW1LGLOi8sH,1E6arsXf5Fgsnv9YpSzjpE
5SYcKZYmQnHBW1LGLOi8sH,76jfMJlfNPQsOBblO0ZaEA
74IQCxI4nws964fic1Q4pv,1pDF5UltcypyatITA3Pduo
0ZHILXmUaVSLEOCWxPQ1ga,4f7KfxeHq9BiylGmyXepGt
0ZHILXmUaVSLEOCWxPQ1ga,6RF8hEdlUKoLPQOHmBbHiM
0ZHILXmUaVSLEOCWxPQ1ga,1sVmXkzX2ukc6QvasrDBES
2gNMXJDKRmKWuevBGjN8wo,4Ai0pGz6GhQavjzaRhPTvz
57jOEZtoLQK4zF2x55bdkp,3dN9MQpjIyNxyeRfz4EDZe
57jOEZtoLQK4zF2x55bdkp,4YRxDV8wJFPHPTeXepOstw
57jOEZtoLQK4zF2x55bdkp,5f4QpKfy7ptCHwTqspnSJI
6v3KW9xbzN5yKLt9YKDYA2,7n2wHs1TKAczGzO7Dd2rGr
6v3KW9xbzN5yKLt9YKDYA2,4nDoRrQiYLoBzwC5BhVJzF
3wmI2n0Whs6kg4MT8jFRU1,2GoeZ0qOTt6kjsWW4eA6LS
3wmI2n0Whs6kg4MT8jFRU1,5f4QpKfy7ptCHwTqspnSJI
3wmI2n0Whs6kg4MT8jFRU1,3pQ4aA7dkolyjUAMrVScgh
2KrrAi2smn5Fa7sy7TxrKg,1OPqAyxsQc8mcRmoNBAnVk
2KrrAi2smn5Fa7sy7TxrKg,1tqysapcCh1lWEAc9dIFpa
2KrrAi2smn5Fa7sy7TxrKg,5TNSXFCNwlq2CfiMcNOCDP
5oV5CJYCfOEvVkxswR6hrD,5CGQa62CAweD76eHlDmp1m
5oV5CJYCfOEvVkxswR6hrD,6DARBhWbfcS9E4yJzcliqQ
3pCt2wRdBDa2kCisIdHWgF,7d86ERlvO5UG44j7Va0Y0C
4kfjA6WfgKBt7I7YKuDCkU,4nd1IvFkUoQinjvYdUmOBI
630DpnzdfjdVqv2yLfPbAX,20zafXaLhm5IcXnSU93rNn
0ZEYRVISCaqz5yamWZWzaA,6Ifk2cbxyVzT41jLexYCas
7HBW6yX8iRf81nn6NVOzHL,5fS7aONqrIhiw6YzgKVOsd
07MW63ok3ptSKwaTWEN0o8,1tM4ox3QsSpl3R2VwLjJ47
2E532ozrMbRXwuZkpoegUP,3f0GZTXzBCmd5IBiMfsh1H
7iTF9T1jum3Km6H6WMZpDC,7d86ERlvO5UG44j7Va0Y0C
4KL3FJYexPrPuMdPagHPXp,4YXNoMVTHRt01jYaKXTumJ
4KL3FJYexPrPuMdPagHPXp,6jV25rzTKQ2zMgrqHha1V5
4KL3FJYexPrPuMdPagHPXp,7cVZApDoQZpS447nHTsNqu
4KL3FJYexPrPuMdPagHPXp,3hvinNZRzTLoREmqFiKr1b
1tS1dRfxIV9FzqdYTbJgMn,7d86ERlvO5UG44j7Va0Y0C
5AkV53fo1u01mi8r22JNeF,3TkSKriI4EZmTxSFyzs0fd
5AkV53fo1u01mi8r22JNeF,2wGBQNmrYOrruN58zNdSuH
7uoFMmxln0GPXQ0AcCBXRq,5WUlDfRSoLAfcVSX1WnrxN
77vx7sGjdqwdnQL968t8oY,7d86ERlvO5UG44j7Va0Y0C
0SeBJ2sAl8CV58kBfpd5va,3IvlMYb5AvKRfNt7vR8PNP
01beCqR9wsVnwzkAJZyTqq,7d86ERlvO5UG44j7Va0Y0C
1ZPVEo8RfmrEz8YAD5n6rW,3tMTXQyRrPmMyHv5SoC0TV
012WiZSgTedjCImYNyA1bF,7eKNo6fozgNsKThGC40ol7
7B3zHfPqcLgV3DHcjQP2OM,28DdkLhrzQNizZ0ExQpyku
2wAiFWjRupWmnDkQcu91MF,51kyrUsAVqUBcoDEMFkX12
5vPO5ouEv8iedKWxzmSv7b,2kxP07DLgs4xlWz8YHlvfh
0ZoBl7pWhdjnj4eIe9I11o,0kPb52ySN2k9P6wEZPTUzm
0w0NpOQOYYClaTI0TFHBMF,0MeOKtKKNYUBM075fR930L
7c98gah3Qah9o76kgkzfrV,5OZXWMwDhlYBRvoOfcX0sk
7c98gah3Qah9o76kgkzfrV,4yRVdMqPrguKBFwZYpmke0
42si4ikg5dh732gPuQ0xHb,4Z9pg3LzMfuuSgl3hMDYuG
42si4ikg5dh732gPuQ0xHb,3Wf4i7kB01QI2wQlEgxKFm
42si4ikg5dh732gPuQ0xHb,0D0AtqH4LxV9AkcdMqKkLY
46u5B2WN4wryYLZuMAOmI4,3AVfmawzu83sp94QW7CEGm
3a0BOn9fWnTCUqWpqE71Bb,3EaScgA3zh2rORlbrAL8RI
5QGdWvXwXMK2Zx6eKagyue,3TkSKriI4EZmTxSFyzs0fd
0b11D9D0hMOYCIMN3OKreM,5ghnxpW47ojtLHHyTLdxdY
0b11D9D0hMOYCIMN3OKreM,4npEfmQ6YuiwW1GpUmaq3F
4sCabvmZpbmfoCNcoCSKEX,28DdkLhrzQNizZ0ExQpyku
1xdp8tXLTGbPeUSEODP9N7,0azPQZGt11gedg5Le9hjC2
56Uibq6ur2xwUpSd9biBH1,4sbcrENSiVe3Yn9ftToC4b
55GHdnqOdONST4g3dp744w,1lg1jqQMMJQQFFMnkxn0zV
55GHdnqOdONST4g3dp744w,5lPf0QTFRBnQXv1eurWsz1
43CHdbHYdcbUWP10UFKyZ7,5KNNVgR6LBIABRIomyCwKJ
2qmJ2h1UdncRMPI2DMRWvK,1IAEef07H0fd9aA8aUHUlL
7v63pRo1RXcYzrCxaMkGc5,1wak0ZG1LUrZPYx8RDTQoD
7kJ3RSCzrosxxkNgJtQ53v,6uQl3gu1AIXyvqCAxnc2q4
4L4dPjtEVEpZ0ER2deHAJA,5p205uKfxztlzI3oD15AKf
74pfNNxGlwSyokwtqxHcDa,6uQl3gu1AIXyvqCAxnc2q4
4qAHhdpiGcbzqwjqmwuXwj,5p205uKfxztlzI3oD15AKf
66iaD8MCoVnBtqUhuzdglT,7hD6dkjWHapWVwkI6bjDFo
3ygLMqx3CNVJmQAnriDDh2,54jZWpivOTllo1afYNSx5U
3ygLMqx3CNVJmQAnriDDh2,6uQl3gu1AIXyvqCAxnc2q4
72W6xVQGdKHQl348KYgwg2,57PnQxsNvOvG2ZDElDEUjW
3BRlBgX59CKqOa8PXI41qQ,343YYaA5MSjiZZ5cGyTr4u
1miFtZ1QgGhVpVxbL76Y9g,6UReeaqNcjIfzIH13kTHKE
1miFtZ1QgGhVpVxbL76Y9g,2a76fsDcTl6A43zwaFNPr4
7vn9SIc4NraLuIMzUeCK2o,4iWsyISSQEYGxdqBNVwqtA
6sADtPKtORAMZP3GQhOsHv,3VTm1513t2LL1mSKzzyQuj
20rg6HNd837eX34TA5tEVf,3JPKPnzWJGjccn8SnjwA5i
3qWDOGP2SBMLQ3nzMIkNbz,5CXvT1JutlWVLJN8YEOf1h
7LegYLbISvXJFtAr4xDljO,1IAEef07H0fd9aA8aUHUlL
7LegYLbISvXJFtAr4xDljO,7hzAtM9sug5TCxGUIR7by3
6wp8MFCXy2U6hAoLGnlxJn,3cDi1D2FHMVgljfdB1QVgr
6wp8MFCXy2U6hAoLGnlxJn,4XRymSxqMfKCkA6njs39lM
5bfyO9R6raJctlhVpXzPG4,5CXvT1JutlWVLJN8YEOf1h
5bfyO9R6raJctlhVpXzPG4,2eUKkTNZsIuZzV95DM0cbt
7IGkkk83NInOaTmLALMP7L,6ltKIf1bortd0DQbpgKdQu
7IGkkk83NInOaTmLALMP7L,2JQK9mzxqKz16lSgICHDTx
3Q1bZ5hE0mOKSyTN96deya,1IAEef07H0fd9aA8aUHUlL
4NJbK9op9ixBJVOXEwNK4R,4ejLVLFQUlsBRYVMcfpzNp
4NJbK9op9ixBJVOXEwNK4R,4fEvmZa0SYpKxIk9DXyQUJ
1inqeo4qN7t9nSPiwZtR82,0wVxjQGYkyNh5qQsVCZWlo
2TE9K4A2YjHxkw7Um4Mudu,1IAEef07H0fd9aA8aUHUlL
6WBr8kINUWO14iuQSjgNI0,5sbVEFMCfdQ0T3vCqXax1K
67dg9xeMIRXjcQbmbWtBFW,343YYaA5MSjiZZ5cGyTr4u
0bqwsQAkGaO0jzfzgI5iLV,3EOEK57CV77D4ovYVcmiyt
4Ow0gCGxYfOcyiCuZOt9mp,6h7LtkzHunGiOPhnv3HHVd
7606oAr5GqreqTOdIX3uGB,57PnQxsNvOvG2ZDElDEUjW
21qCzrANOK7gB0KPoNE1zP,6uQl3gu1AIXyvqCAxnc2q4
1B6qAMPiD7sv3WNI90ELMz,3cDi1D2FHMVgljfdB1QVgr
1B6qAMPiD7sv3WNI90ELMz,17pbOSPIn3lmY0vHhOlKGL
2WBNUsV0WH7Cmjr71viWfC,3F78m0H4Y4a1Dvd79TKVvw
2B2tINzI2NSCEixQWlQBIK,343YYaA5MSjiZZ5cGyTr4u
7a8B2vmOcJ6btFlBGl2IX9,7hzAtM9sug5TCxGUIR7by3
7a8B2vmOcJ6btFlBGl2IX9,02XPYZHiiXvgdluCi3Esxg
7a8B2vmOcJ6btFlBGl2IX9,57PnQxsNvOvG2ZDElDEUjW
7a8B2vmOcJ6btFlBGl2IX9,7k6KVFItaU7pcBvL6poIi9
3euOYOxxCEp64tlfgylOxO,1IAEef07H0fd9aA8aUHUlL
52n4gF126eIllrGuc9Zus6,3VTm1513t2LL1mSKzzyQuj
18t2lAzaHW2bJomYeyzrpy,55jryyk7RhvMbrvoF0ndBh
4KfmruShP5zOi9hYjM76e6,0XNKQFs2Ewb3y0VsFUFc5l
4KrhaZm4JRkNO4HRdLvJIG,3JG79Z23wJN9Q5PTPpDAEV
5E30LdtzQTGqRvNd7l6kG5,77SW9BnxLY8rJ0RciFqkHh
1FqmwkFnvYjX9ss46J426T,4kkqGukpeagcuHEBdoV1pv
2AxEUdsrmwEklnwAbZ53QE,0XNKQFs2Ewb3y0VsFUFc5l
2AxEUdsrmwEklnwAbZ53QE,4mWdGXvLBhz5i2Qe5swRXb
2h9pSMHx48Q4SOWsvEiah5,7pivhgzLZSku2ixQRxQ5BK
5YooS9GIteTPkXqntp6cns,6OTMjaRQ9kxdwoPRYTmyOM
5YooS9GIteTPkXqntp6cns,2ISiyx4DLCMAMBCvPesCoq
54bFM56PmE4YLRnqpW6Tha,6qqNVTkY8uBg9cP3Jd7DAH
6qWaZ2KzYhyrv1ILuAcIIv,0XNKQFs2Ewb3y0VsFUFc5l
6qWaZ2KzYhyrv1ILuAcIIv,0Cm90jv892OeEegB3ELmvN
62vpWI1CHwFy7tMIcSStl8,6l3HvQ5sa6mXTsMTB19rO5
2vuRLuYUWwwQgQtg1TzkKj,55jryyk7RhvMbrvoF0ndBh
2vuRLuYUWwwQgQtg1TzkKj,0XNKQFs2Ewb3y0VsFUFc5l
3MPFuEXwjdrR7yKua2wrUL,0bOSNnz9bGAUlV3OJ3rnQW
0Fl4PBfIwC5G1IQAF1luUm,5wV3FoaNbDB6X9INuQvs1K
0Fl4PBfIwC5G1IQAF1luUm,5eir5zFJpES4j7gsymbVyl
7BRKEcW05hOZMJ3bKOOzQl,3E31HqA00iCX9nRhesw6LD
7BRKEcW05hOZMJ3bKOOzQl,5vmwWgrlwCfHm1P0vdDFbU
3aViSiRTiK1e5OqJtUk3MS,77IW5ZK1smDQYYKDCQugXh
3yraHvsUkmnJjGhOrx1CSg,50o63K3IrY47g46E8R071Y
3yraHvsUkmnJjGhOrx1CSg,1HFg9B0Jvwqzqiuqg9cASk
3yraHvsUkmnJjGhOrx1CSg,5vmwWgrlwCfHm1P0vdDFbU
3yraHvsUkmnJjGhOrx1CSg,6kBlEsdNeNW2qnmW56xDhx
7kqftRMUoBeeyb4ZkAKPiA,438nTuoZFCZCyBl33jE9dU
7kqftRMUoBeeyb4ZkAKPiA,6zEaCvF0CqEHs7kFyBkLHi
7kqftRMUoBeeyb4ZkAKPiA,1wFoE1RwBMWoWkXcFrCgsx
7kqftRMUoBeeyb4ZkAKPiA,51MxI9mWmRMPLK9eNlyQ7o
7kqftRMUoBeeyb4ZkAKPiA,4iCzh7b2cLbHVsPOwhr8W0
1CwhKXOiL4vyUcNYqo3dVF,4iCzh7b2cLbHVsPOwhr8W0
1CwhKXOiL4vyUcNYqo3dVF,3AlRiyjMywTVNzTcHbf9QT
1CwhKXOiL4vyUcNYqo3dVF,0IxgA9wO4Op3CSnPlhfwV1
0XwSUpdrF7nR7hVxbDs7mb,5WUlDfRSoLAfcVSX1WnrxN
0XwSUpdrF7nR7hVxbDs7mb,1Cs0zKBU1kc0i8ypK3B9ai
2EgnCPvbhL5suzKQIUoULA,3D2GUXbtlL3r2d5HJEnsFD
2EgnCPvbhL5suzKQIUoULA,3R6VoMjUANEP9wb7fRNXws
2EgnCPvbhL5suzKQIUoULA,16mR35QsbHY5CUlzRHMFnG
3upYG0cy9J2QhyV4GgV37x,3R6VoMjUANEP9wb7fRNXws
4d2NiGtCaVrMihMfarLE8o,3E31HqA00iCX9nRhesw6LD
4d2NiGtCaVrMihMfarLE8o,5eir5zFJpES4j7gsymbVyl
7ytBShb0bkPe6HcJtMgzQx,6m1LYS5NQonxjOcQFPQOb5
7ytBShb0bkPe6HcJtMgzQx,396eHybVCEUr0PcED4yFga
4ga4WvRNhMsIL38pkBbnIN,60d24wfXkVzDSfLS6hyCjZ
4ga4WvRNhMsIL38pkBbnIN,4NHQUGzhtTLFvgF5SZesLK
1z2HAz6JcwfGHKMSgKEA3D,1bObiFZkYu7IfzxVlAVj5x
3h7NZT1CATbn4GqUs51vwf,06eTdzI1FA6c2cPQAeVHY2
4TZviWQs1JqGS03Mja0bNB,6m1LYS5NQonxjOcQFPQOb5
0vWUhCPxpJOJR5urYbZypB,2WBJQGf1bT1kxuoqziH5g4
0vWUhCPxpJOJR5urYbZypB,4FrXHrpbDLNyO3pbVv8RmF
4afGO0WTInDhK2C3dolz8z,77IW5ZK1smDQYYKDCQugXh
4afGO0WTInDhK2C3dolz8z,3E31HqA00iCX9nRhesw6LD
0GzuHFG4Ql6DoyxFRnIk3F,1r4hJ1h58CWwUQe3MxPuau
0GzuHFG4Ql6DoyxFRnIk3F,1Xyo4u8uXC1ZmMpatF05PJ
2yI8xyHgyhCXyw0Vq98twb,1caoBfXJrbKCwIaTzGkyHn
3TaGtHDHWQ7TfPpX0eJrtB,3eAOH2az3fQIfX2UAw0FfC
2Tf3a4gkBbrN2UbMNbwtdQ,0iWMmFScSBxj1z3IisnGkB
4d2tgzpNhQO8HIxC4YLnBe,3eAOH2az3fQIfX2UAw0FfC
2DkxWMmdvS3f5hbz4UGQLO,3eAOH2az3fQIfX2UAw0FfC
4WEAdAPGiyI6LIMlHGfhdZ,1caoBfXJrbKCwIaTzGkyHn
1tkkNjRgaKPO9OnE3jC6UP,32GMj177nVLZPp3lqVrCXp
1tkkNjRgaKPO9OnE3jC6UP,0PK0Dx3s9et0Uf4XbdFpiW
57fS5tDkIIsEhoBb8IcYF1,1caoBfXJrbKCwIaTzGkyHn
0gCNs3jCCDhObAK0MRghtv,6S0IvKlvPMX1RtAYtVpUV8
0gCNs3jCCDhObAK0MRghtv,1caoBfXJrbKCwIaTzGkyHn
4PFAQAuJ9dEgamYO88Zp9P,1caoBfXJrbKCwIaTzGkyHn
0uP06c5w0SBKgIon8VkdPo,6S0IvKlvPMX1RtAYtVpUV8
0uP06c5w0SBKgIon8VkdPo,3asBhUZPp0r1Hzw2DlT4My
0uP06c5w0SBKgIon8VkdPo,6PXS4YHDkKvl1wkIl4V8DL
5mUiad5pDU1wFvIbtKgJKB,1caoBfXJrbKCwIaTzGkyHn
2OmbLtdHJn3u9haCQXODl6,1caoBfXJrbKCwIaTzGkyHn
2h9TDNEXRhcDIV3fsoEVq9,6L1XC7NrmgWRlwAeLJvVtA
2h9TDNEXRhcDIV3fsoEVq9,6S2OmqARrzebs0tKUEyXyp
7MoZgM6AsQaZw14WnKopuy,3m5qlPf2OkihLz3dRYnkPA
7MoZgM6AsQaZw14WnKopuy,5H1nN1SzW0qNeUEZvuXjAj
7MoZgM6AsQaZw14WnKopuy,790FomKkXshlbRYZFtlgla
2ECKWYbTPpKvtnKiRiUQqC,29b16XDtyMXDrfo2hZ69wf
6dyUkkcyYuDiHOwIRXYOJm,3E6xrwgnVfYCrCs0ePERDz
6dyUkkcyYuDiHOwIRXYOJm,0eHQ9o50hj6ZDNBt6Ys1sD
6dyUkkcyYuDiHOwIRXYOJm,329e4yvIujISKGKz1BZZbO
6dyUkkcyYuDiHOwIRXYOJm,5bWUlnPx9OYKsLiUJrhCA1
6dyUkkcyYuDiHOwIRXYOJm,1ljNTY4uIBecRJmy69UNWt
6dyUkkcyYuDiHOwIRXYOJm,37230BxxYs9ksS7OkZw3IU
6dyUkkcyYuDiHOwIRXYOJm,7iK8PXO48WeuP03g8YR51W
2etJ67Egf7woMgOikVrlJM,2oT7xd9iTO2ejLsNGIMa5f
2etJ67Egf7woMgOikVrlJM,5hdhHgpxyniooUiQVaPxQ0
2etJ67Egf7woMgOikVrlJM,1fux65HMCBvfJHqlBc4Nno
7AUhck1sPy11OExQmDDx4P,4VMYDCV2IEDYJArk749S6m
7AUhck1sPy11OExQmDDx4P,4wLXwxDeWQ8mtUIRPxGiD6
3JgsA3Vt8GFplHNrMK0QJU,1F8usyx5PbYGWxf0bwdXwA
4KiFqaxjnmVm0gyIPIRRgH,2ngiK5FQchV4i7eOyXOXKt
4KiFqaxjnmVm0gyIPIRRgH,3TikHXhctY4FUIMlkl0tzR
4bcevhszFAQT7cMhT5kWY7,1F8usyx5PbYGWxf0bwdXwA
6PAPPKv7XPCqPEG95UaOFa,78G8FdUykcn02tsgMLi3q0
2bqS0QtnXGjOYs3z6VtSyW,0xByDfltDVpk6LDsUMHyI2
30btnOJK5BQKkTgW3NRIdd,1F8usyx5PbYGWxf0bwdXwA
065bY5WrLvI3NN9VCK0QLe,6TLwD7HPWuiOzvXEa3oCNe
3HHVtWGKwhMwjUfsQGztzt,4mWdGXvLBhz5i2Qe5swRXb
3HHVtWGKwhMwjUfsQGztzt,0XNKQFs2Ewb3y0VsFUFc5l
39Sk7h0oxyjkmOSEXusWeS,2z20q6EEfm6w6PiIKsgtb3
1ngGGsWzGONyiOlxdXRDr7,2cYbwKKlCOv5VaoU9DZwGA
1oxj67ZS68n4zQ2BsqPK8l,1F8usyx5PbYGWxf0bwdXwA
78gDp7tT1QIUwVJwNYXxOR,1F8usyx5PbYGWxf0bwdXwA
3LiyBbbo5Negbgq9RV9qJa,3TikHXhctY4FUIMlkl0tzR
1GOiMxQXZUzjzH0Sxpck0B,5NipqMGsY4AUeb7kGT8aVz
2Z0OcpA4i1KayJbXn800le,3vvLuXEEf7sl3izJcw0GIn
13nr23VfbRVdLtaqMrgYwe,1F8usyx5PbYGWxf0bwdXwA
5NXn6wdIJb5TFC9rsqlz9d,1F8usyx5PbYGWxf0bwdXwA
6ugYbXPyqfpYTtG9z6YRvH,3TikHXhctY4FUIMlkl0tzR
6ugYbXPyqfpYTtG9z6YRvH,27kGBCjiz5OXojkKX4xQ6R
1F243xppsThmJaxnBuBfMA,2KoLmBXwsgMkfAvoPBlPmb
0Ot69EEAbZaZohRSYYu0I7,1kxqshyCqWuOQJNCTgHKzM
0ik4dXxjZhwoMSZrD2HrJu,1F8usyx5PbYGWxf0bwdXwA
0ik4dXxjZhwoMSZrD2HrJu,5BhxPvQZf65AsaThKZ5zip
2DYzsMQpO7xOw7b3JwyIWP,0qc4X567Fs1DUbQ7bS2XSJ
1hfISzdAwnywAKxaSpfloo,3vvLuXEEf7sl3izJcw0GIn
0Nm9hFm8QVt83zi4FJQ0Qu,4ywf1iH1ruKEcfpCgfJvyA
2QCRzimz7ebJUQ6xYyTHMZ,1F8usyx5PbYGWxf0bwdXwA
79i617mqpQLwUs3WTokYX9,7drPVZKqAnbY227UltZV3l
6Dz383ZHSKzWh5ZTL7aRra,1Y53ZUhXBydAzILo4Qa0s1
4qTNag73xHeQLFF5fEJWUQ,7ETrbkVb3uLwquyjX0T05M
7pimTwSxwlq3OeG8ARZqEK,3TikHXhctY4FUIMlkl0tzR
1PxsGXKKeclmywZlzepG8L,1F8usyx5PbYGWxf0bwdXwA
1PxsGXKKeclmywZlzepG8L,7nhWQxOMcfIv29SBPZEcgp
6rnmvTLg2KnF0rZUCgRWHH,5zXGVPJHUzQPUXKA7AlTi5
6rnmvTLg2KnF0rZUCgRWHH,1pvmXh50KezixmCHnp9XvV
5ZPioCc4YsfAyLz2adWEzl,1F8usyx5PbYGWxf0bwdXwA
7hEps2SpTE29ei0M9EVwBx,7xViKup0waKtypawDbsvrW
08GgDzkQu4j7ycGgWCGXvt,1F8usyx5PbYGWxf0bwdXwA
3LRmMWVGsf9mprzLlFLJXR,1hwKCeSXpLrh4OQND6iQHw
5qhdXxsc1l7hQHOc1aZaGn,5NMwoStnfHT4LdETlJSwDT
53bbEINuw0ez3ntLcqYCu2,55jryyk7RhvMbrvoF0ndBh
6l1Ot8lsZj5lzIxWjYHgUh,3TikHXhctY4FUIMlkl0tzR
11ZulcYY4lowvcQm4oe3VJ,3PyJHH2wyfQK3WZrk9rpmP
11ZulcYY4lowvcQm4oe3VJ,6lay1nwbE6hTx1jivysUAL
3SK45LddxlEkzI8OWO9Eyo,5TYxZTjIPqKM8K8NuP9woO
3SK45LddxlEkzI8OWO9Eyo,3jc496ljiyrS3ECrD7QiqL
3SK45LddxlEkzI8OWO9Eyo,6bXIjeV8nUh5pFxgzgny9P
3SK45LddxlEkzI8OWO9Eyo,3pUWmkSef9vJOPDViYGZ5L
1wPAOYQJcGSqvXkqcQHExr,3lY9Fxceu60W1rbon7PkuF
1wPAOYQJcGSqvXkqcQHExr,6k8mwkKJKKjBILo7ypBspl
1wPAOYQJcGSqvXkqcQHExr,5RzT7CM6Ot0sh0EHefMicV
5tTPP8qbaj9L4cjM8U8Q2M,4F4pp8NUW08JuXwnoxglpN
5tTPP8qbaj9L4cjM8U8Q2M,1mcTU81TzQhprhouKaTkpq
71R8HJxQk5qMiRstrlXN9t,1mcTU81TzQhprhouKaTkpq
71R8HJxQk5qMiRstrlXN9t,37BIBvfliXJpSgn10yQUJM
5gEUDNQvoQjdjklrwPdGwD,5TYxZTjIPqKM8K8NuP9woO
5gEUDNQvoQjdjklrwPdGwD,3JSSjGYcIkgsrz7892CelT
7ql2RUmAmj36tkMUNWo7MT,6k8mwkKJKKjBILo7ypBspl
7ql2RUmAmj36tkMUNWo7MT,0L1f9i3L3fkMNENljDOsjG
6ynErSDSlxqsxg0D3LJ8sK,6E94QKXZv8BbO6QQJxcxLI
0NipDzamAtvro0HMcZD5DK,4F4pp8NUW08JuXwnoxglpN
0NipDzamAtvro0HMcZD5DK,46pWGuE3dSwY3bMMXGBvVS
43ic0un1f9Nak0ZCQgvKjY,2CCgb0KApjfQDuTppovpf8
5jzEwSyyymBlf1fa1o39T2,0Q8NcsJwoCbZOHHW63su5S
5jzEwSyyymBlf1fa1o39T2,0EFisYRi20PTADoJrifHrz
7m6aTkKrrPHAZ4fGnksoda,2R21vXR83lH98kGeO99Y66
7m6aTkKrrPHAZ4fGnksoda,1i8SpTcr7yvPOmcqrbnVXY
6Qj5ZSpc0JCV5zlyfuNqIf,6ddcxDK0BEkhe5LCdoA5Ki
1mrQYY0NATPCe7WOYcCKf1,6TKygPpVT29oGUogu4J9Ec
1mrQYY0NATPCe7WOYcCKf1,2cPqdH7XMvwaBJEVjheH8g
1mrQYY0NATPCe7WOYcCKf1,2ydZrTy8U3kOMOzx20s3dg
4KnLltd5UNz4c085UAr5dR,4V8Sr092TqfHkfAA5fXXqG
4KnLltd5UNz4c085UAr5dR,1mcTU81TzQhprhouKaTkpq
4OWPAMZcoRwAmMA971KBTh,4F4pp8NUW08JuXwnoxglpN
4OWPAMZcoRwAmMA971KBTh,3Wb38LDP3N4tkobValgE9D
3GaGWoU1KfVqgl7vnRHP55,5TYxZTjIPqKM8K8NuP9woO
5zxZ7M4RgWZUHlMEwac8vt,1BwDWgdDJe3TJXLZkBkpsI
4dxeRrYgeAQ1F0uH9g04lN,2zd9YxlsQvA5mkZ1NarYVQ
4dxeRrYgeAQ1F0uH9g04lN,6RJXSfbIkEMoCJ8GAg2dVO
4tGPi30jgutml0z5QgNd8Q,68dW5BU6sdVNf099EylxEt
4tGPi30jgutml0z5QgNd8Q,0kKygNaCQjqVLrImIftRDJ
61YmcO62hGjw1RlDHZ0XEg,3tl4Gc5RItD9lE6MJZGhLg
7t3VznmzfrDXFyexb2wA0q,4zGH6gaO4NohcfCXZ31bQG
6inhRGv7e8iqDEMRQuFk0W,5CPsScBTPYY11Lv4Eb7k4t
2MlOUXmcofMackX3bxfSwi,523y9KSneKh6APd1hKxLuF
2MlOUXmcofMackX3bxfSwi,4cfKtwkefMW3aiXtxfw8w6
41iZhFesLQ6JLjyPxI4LLL,5tVyieWwN9j09jXUovK2zN
3MMJuk00QLVAjS6vwBZ67V,6RYT3r4anXD8WAGOw6T8El
32z2QHVJTOPzzczl4MjmHo,5wXRHaEx8AvtUv0gyZHGf6
09ZI6ytqLZe1sRXLKPKZNe,68dW5BU6sdVNf099EylxEt
4SS4YfDAEQG0fZAe1xfgn3,6RJXSfbIkEMoCJ8GAg2dVO
5nBi3tQiXWt70G6UlXB86E,5HUGPIHRwh79LbffYIUJeJ
0GJbfGoCNAE0SafM9LW0nF,7jEEE187pVG6InOxn03oA5
0GJbfGoCNAE0SafM9LW0nF,59E9dYtwLTUAGuAppwFKAW
2QknNfweEEo2wZsUCZbzpo,52xiNtpaYcZ5jRQ2fqmPI6
6McgJF06bnEyIVAfRTaZ4W,6HKV18fbiZPLNSoTUnTALb
1KaddVS6HXYrvt6ETZtRQ8,5wXRHaEx8AvtUv0gyZHGf6
3R9KvtovDyPBPtBqiulmoq,51TXQniEQkYh89tfLjiuSy
6O27WBEqkGeyq3hNYE0BdS,5tDnwIxYT1LAYH37yBqg4Z
6O27WBEqkGeyq3hNYE0BdS,0GYJScAPulF6GTFYJOpHVr
7jDtQkIxKFELTpQa27VWWR,1Xylc3o4UrD53lo9CvFvVg
5IONrCRMaQomlgoKpIoI8O,2zd9YxlsQvA5mkZ1NarYVQ
5IONrCRMaQomlgoKpIoI8O,6rYEqmajzlhGVaayOJ2bpJ
1nP79zXOucRp8lBoT52U5M,5FjiYgLczmrP2j1gijAGWp
2YjWAJEES4VMcwoOWvqk08,6HYjkczJfUdGcwIGPOq5P2
4r0VyqkDOosEkG92kx1SL9,3fpHdW8mp95bOCzRLcauZm
4SLYrBfzgbLmiEdoKajyHL,2DWNa2o3BbsIHeBq7Iu6E7
43S6EtJ38gARKKLvdbQd31,34uGMERnU9XHnmQDnK03Gj
487FnTfh3G1qe0neVvkGb3,3SwHW7YiRPiqokx3zCpyit
4SQGtL9oAoTcgxPleSPA5H,1qC3LsWlbrRCPVRooOX81u
2tq2ANtVTNd8J4J0WbkSDr,39Waq6UmqYCBEuyv8M8kjl
704iA6CyFdeP24JvGFxsRs,3uFum0NCM1PtmCO0MwsOAt
704iA6CyFdeP24JvGFxsRs,1Xylc3o4UrD53lo9CvFvVg
5WBaMuA6gMy90SZXyS4Yz0,68dW5BU6sdVNf099EylxEt
6IgMLWNcxP1vONuQSIDEpk,51TXQniEQkYh89tfLjiuSy
247LJ2oARxtQuFAlbPIx79,0NRMzT05nsc8mTm4iUvuHY
247LJ2oARxtQuFAlbPIx79,5wXRHaEx8AvtUv0gyZHGf6
1DT1yVnRlV3kV2gSHvf31Q,4L2LwkxA0Qxs9Kmo1vqO8N
1DT1yVnRlV3kV2gSHvf31Q,22NflAPD6Ndyxj4p8ynYPX
2vTin2H3idCl2nuc3CqdPR,1gm1katIowFM22Ldqcw6DK
7d32oBYefxvVO5efdRUuSX,3MPhQdwcGDArJTh3SvU9nj
1Ytgo9ipdlTsf6wlg6sXf3,6xErgeZYatiaQ36SB5bvi8
6us212S3fCRIQwOwNExqLH,5fEQLwq1BWWQNR8GzhOIvi
6us212S3fCRIQwOwNExqLH,7rXM91kSsqGzvYANukdQJD
0upiMcFbQHH51etgz4xK0l,7nKA1c1Qn6nI0XA8yburf3
0bIbgooxvBkww2ZGeu8VMR,4MMQmzYiUiuD8VwjrJu3v6
0bIbgooxvBkww2ZGeu8VMR,6QYehwA9q6UQEMs1Vak0uy
4E5PyVOBH25CICgTURwGXM,2qXGNIlmY3JrYkxOWyXZsd
7tgzj2IqzSgUpxUhjmcF5m,6xErgeZYatiaQ36SB5bvi8
19fp9nI0tq0lcBl7XoCHAb,6xErgeZYatiaQ36SB5bvi8
66YKSygcUZHHqHJZcWslI3,7aRC4L63dBn3CiLDuWaLSI
5QbK5PrR9wbog3M5vVAn2n,2qXGNIlmY3JrYkxOWyXZsd
0KWnRv3wxjltYVB3MqjNd2,4TcOznbEZBqev21LzAH4KE
3CEkc8f1UDvI7kohz3ARpA,01u3qI3xMGFvktXyRSMGRZ
6jUOZRbaQc9nX8grCUTq24,6eLpNMX3ZygSrUuxAlIWIx
2h5j6lshsRkShTQ527SOlj,4xlAHgZnzzPHtoKnev0gwJ
56XaEf9Mo2Njaxa9TIn5LR,6taSlFSqCqAEUHOliFyHt7
2MjZIBkwxAbuM1xtRpKdcq,5R56NYbLCC2HpOwlYBnmeN
4ioO0T2VDmyhLndmBGlJYL,190bkHbFrRvEhcB7Zpuv3y
6lZKB76djHxzO0p2Y3E8vj,7aRC4L63dBn3CiLDuWaLSI
3oRP6yGs5d0kFpGRRzzaS8,16s0YTFcyjP4kgFwt7ktrY
0q1FMCm6hZhyPomad3LQES,4TcOznbEZBqev21LzAH4KE
3yWMv4KSXoh1l61cAqykl1,2qXGNIlmY3JrYkxOWyXZsd
0TVrlU8El0K6U1pC2LOt09,5fEQLwq1BWWQNR8GzhOIvi
3NNDJfWMGHuNpvHWTImmlW,3aIDSTKS9yH745GUQBxDcS
7mCr6Rn5jx04Fisvts97Z3,3dI4Io8XE33J2o04ZwjR0Y
4YxVgJAkGsUnqLvEzjz8Ry,6cMRDBCHMYjyCH2D0s6uzr
0NHsxQj4j6gPz8PdRc5KKh,0RaC2hXyniYsju0mCSNz90
33KsdPM5KJFBg1NMlv3spe,6PNEi9i2MxUgRufqYr76Xt
33KsdPM5KJFBg1NMlv3spe,7aMQdNM05rPkcHS1ethHUx
2VnNaJFGInEJ0R5GkSQ7IP,4PdggFNYwGfjRfkdG5OfES
2VnNaJFGInEJ0R5GkSQ7IP,7HSeegdmjLYRJpkOYIaZIW
2VnNaJFGInEJ0R5GkSQ7IP,4SgKWjM7cJDCh2aY9H4HZf
4KlrEwjhXnHLtmKauxVHJz,7HSeegdmjLYRJpkOYIaZIW
4KlrEwjhXnHLtmKauxVHJz,2WhGojaMjv4VVn2HQSqrLM
4KlrEwjhXnHLtmKauxVHJz,4oZolC0sCwCAKqsNXfRlVS
3wGx3gYPjECKZazGNuPEX2,51wGpVg4Z3lv1IjuZAQjXn
3wGx3gYPjECKZazGNuPEX2,5iggzY0xY68wNNWXhiPrZz
17iGUekw5nFt5mIRJcUm3R,5dfZ5uSmzR7VQK0udbAVpf
6rVaOdWvFaNyVVXda0NPJy,6OzE2OdvV2tGAxSBsBuZ74
7wkX67ruxr3x2GFz6vyIX9,57g2v7gJZepcwsuwssIfZs
6IAqflHsPVm4EpYghXauX7,4bPYvyUn1mWwUwIW57oST2
6IAqflHsPVm4EpYghXauX7,2ZjO6APYelcHcLd2pWMx8x
2f8Ew6sB7KHlTiH9NTLvVM,4jQZaxfgwiUJFQagCyZNV4
2f8Ew6sB7KHlTiH9NTLvVM,0EOMdQwzUG6CKh9oWvcANr
2f8Ew6sB7KHlTiH9NTLvVM,2aQnC3DbZB9GbauvhAw7ve
1fh5Sf3fFESFOS8D82RQiI,2aQnC3DbZB9GbauvhAw7ve
1fh5Sf3fFESFOS8D82RQiI,6OzE2OdvV2tGAxSBsBuZ74
6HpDKKSDZ8QpSHfikENIBC,6zUWZmyi5MLOEynQ5wCI5f
6HpDKKSDZ8QpSHfikENIBC,4e5LAUvM35jleGg8gElTsP
3VOeGtJwJh2jslvQAFaaEn,2xK6qcvfXuFFbU0NL95aeo
5zH2inEP6THOY8tomr3DdZ,0IdAjS2LRieBR3gzoazdAw
7ne0bfecn1o29bXC0Xblj2,6RUfMGubOnHT1p3nfeXpBl
7ne0bfecn1o29bXC0Xblj2,75Ki5hBCOpDtKGoFyTvLxP
2Jaaw8PrdUfPlU6o6tL5dl,2xvW7dgL1640K8exTcRMS4
2EMbVMhUtYNfuAhTi9HvBk,0DL9VpY3UsZWQyDOO5Ej2o
2EMbVMhUtYNfuAhTi9HvBk,1nX1HVIUo1Zfs3e2v3lFb9
3pyHABNUu0QxeyH1x8p7yf,6ZmHJcmCcc9X2sAyz6cHng
3pyHABNUu0QxeyH1x8p7yf,3OeYidiG0MAcGmiSwTHZf6
014DA3BdnmD3kI5pBogH7c,2xvW7dgL1640K8exTcRMS4
014DA3BdnmD3kI5pBogH7c,4x1fUORHa2EsxrQ6ZzAoQ0
014DA3BdnmD3kI5pBogH7c,0gGd4WhPXBSgDX6fdOHcOw
7LVrrX8pkzI9fMF88nGabt,1LEtM3AleYg1xabW6CRkpi
7LVrrX8pkzI9fMF88nGabt,3rjcQ5VIWCN4q7UFetzdeO
2z9iLlNBt1aLZUCFgXby97,5dfZ5uSmzR7VQK0udbAVpf
42pZsfo15M63tgCpDeGCx6,6NF9Oa4ThQWCj6mogFSrVD
42pZsfo15M63tgCpDeGCx6,2SqJ4xPQ0QRPqi8H62CNSU
42pZsfo15M63tgCpDeGCx6,5zifyPCJIZxUBhVq7AydsT
6B1Io9VDzMAmwFjrplDJw8,5fa13NJjmn2uQ3dxZDi2Ge
6B1Io9VDzMAmwFjrplDJw8,0qkGQFUrj8ERPAZcdpa79j
6iXGivPFpsqKmrINhIbPvx,7H9jPV9qWyp6V629038aXU
3HJ0EW4kd9S1NRCm039Fsk,0r63ReVRjxrS4ATbLrdcrL
3HJ0EW4kd9S1NRCm039Fsk,2nSO7JYDbJrYbJmP39qUzj
4JPJhbWVL1yWTU8DpYP2Vc,4RGBKkUyyvsim9vdBKCCkc
4JPJhbWVL1yWTU8DpYP2Vc,7mFCX07lzCFLpHm72R93oB
1AAGvzJRWMTKx7PNfeTvP4,5Kh0ta0UY4uJ4g2CIdq9V9
1AAGvzJRWMTKx7PNfeTvP4,1jLYYT9QNuDI4zz4Ky9fyq
25edeHHueINMguqu9emCyV,1LEtM3AleYg1xabW6CRkpi
25edeHHueINMguqu9emCyV,6ZNAsA4h8V7SOLtiK8Vfav
4Wdwvi2C5MD8zDi9Kg3x4X,2rVYwIYNEsMxtt8j5yemHb
5Bti0azlFhMattVY76qFr9,57g2v7gJZepcwsuwssIfZs
2AiZm17zqkV7llT3SHz4Nu,1LEtM3AleYg1xabW6CRkpi
2AiZm17zqkV7llT3SHz4Nu,0IdAjS2LRieBR3gzoazdAw
6jcG3yZ0e2CSI6omkYO1ut,3diftVOq7aEIebXKkC34oR
6jcG3yZ0e2CSI6omkYO1ut,2v14NO80QYditUms7sbEIZ
6jOP08e9PHDnoF3reZcePE,2xvW7dgL1640K8exTcRMS4
2PYDUM2IC01FOTDLQdFxJP,6NF9Oa4ThQWCj6mogFSrVD
2PYDUM2IC01FOTDLQdFxJP,3JkGKNawown8MgcJsDw1WT
2PYDUM2IC01FOTDLQdFxJP,38QautgC2LNYKiu10BB0sF
3b34161QoxLwsqhWSPy9i5,6zUWZmyi5MLOEynQ5wCI5f
0Rx4GFPy8ISxPhRwkjl64b,2aQnC3DbZB9GbauvhAw7ve
0Rx4GFPy8ISxPhRwkjl64b,1WvNgEoB66jmHodcj15Zi9
2QIRuHGVTmp9HL2u4irHMt,2xK6qcvfXuFFbU0NL95aeo
2LKI0fGEKR3RWAiY2jqq8k,5fa13NJjmn2uQ3dxZDi2Ge
4TfH2Syxsx2cAJShY8u6bT,1L1VfizWn4DkFt602yD80U
3sV8ExJeOGXbanczafavZv,2nSO7JYDbJrYbJmP39qUzj
3sV8ExJeOGXbanczafavZv,5UNWQJdUbO8Gbg9Qn3r52M
2rbDhOo9Fh61Bbu23T2qCk,1HY2Jd0NmPuamShAr6KMms
