id,name,duration,album_id
4iJyoBOLtHqaGxP12qzhQI,Peaches,198081,5dGWwsZ9iB2Xc3UKR0gif2
7lPN2DXiMsVn7XUKtOW1CS,drivers license,242013,66FPnVL9G4CMKy3wvaGTcr
1nahzW3kfMuwReTka28tH5,Hold On,170813,5dGWwsZ9iB2Xc3UKR0gif2
3VT8hOC5vuDXBsHrR53WFh,Astronaut In The Ocean,132780,57UjGWNfxfsBCykDm73XBK
6tDDoYIxWvMLTdKpjFkc1B,telepatía,160191,00wSTrFxoSzA7eeS1UxHgd
5QO79kh1waicV47BqGRL3g,Save Your Tears,215626,4yP0hdKOZPNshxUOjY0cZj
7MAibcTli4IisCtbHKrGMh,Leave The Door Open,242096,7dfPqXck6BB9wpThrVYBss
6F2r4HgpJnvKDmkN6JEN6J,As I Am,174406,5dGWwsZ9iB2Xc3UKR0gif2
0VjIjW4GlUZAMYd2vXMi3b,Blinding Lights,200040,4yP0hdKOZPNshxUOjY0cZj
4MzXwWMhyBbmu6hOcLVD49,DÁKITI,205090,2d9BCZeAAhiZWPpbX9aPCW
6f3Slt0GbA2bPZlz0aIFXN,The Business,164000,2adSO4KU3FDjeM1PXCRDZm
2WnAKZefdRHxtBEkRjFOHC,Anyone,190779,5dGWwsZ9iB2Xc3UKR0gif2
3FAJ6O0NOHQV8Mc5Ri6ENp,Heartbreak Anniversary,198370,1zHR48K6XtWYm6bhrw4J6C
5nujrmhLynf4yMoMtj8AQF,Levitating (feat. DaBaby),203064,5lKlFlReHOLShQKyRv6AL9
1xK1Gg9SxG8fy2Ya373oqb,Bandido,232853,5sIyJyOgwEIOgBhLxIGG3t
1M4OcYkxAtu3ErzSgDEfoi,Up,156944,0Fe4Uj7GkgA1uDGGk8s92C
3tjFYV6RSFtuktYl3ZtYcq,Mood (feat. iann dior),140525,4YMnOf4a7obOcN1Gy2QEuM
5Kskr9LcNYa0tpt5f0ZEJx,Calling My Phone,205458,1QhKOq11hGEoNA42rV2IHp
6Xgq7MvZiet0hVi3KaDSgJ,Holy,212093,5dGWwsZ9iB2Xc3UKR0gif2
27OeeYzk6klgBh83TSvGMA,WITHOUT YOU,161384,3YjfdLdpQcVI72uKhooZst
60ynsPSSKe6O3sfwRnIBRf,Streets,226986,1MmVkhiwTH0BkNOU3nw5d3
4cG7HUWYHBV6R6tHn1gxrl,Friday (feat. Mufasa & Hypeman) - Dopamine Re-Edit,169153,39qsmsNRXjVaFqTZj9af0j
3aQem4jVGdhtg116TmJnHz,What’s Next,178153,5LuoozUhs2pl3glZeAJl89
2XIc1pqjXV3Cr2BQUGNBck,LA NOCHE DE ANOCHE,203200,2d9BCZeAAhiZWPpbX9aPCW
5YYW3yRktprLRr47WK219Y,Ella No Es Tuya - Remix,218106,5Jk2ROWL8a4RxmFNiT8pvA
137mSruegm1u6x9NvwiagR,Unstable,158324,5dGWwsZ9iB2Xc3UKR0gif2
3S8jK1mGzQi24ilFb45DAZ,Lonely,149189,5dGWwsZ9iB2Xc3UKR0gif2
6UelLqGlWMcVH1E5c4H7lY,Watermelon Sugar,174000,7xV2TzoaVc0ycW7fwBwAml
2pn8dNVSpYnAtlKFC8Q0DJ,On The Ground,168085,5BQcoDfcZ8aBcikYX9B7Ob
3T03rPwlL8NVk1yIaxeD8U,Off My Face,156467,5dGWwsZ9iB2Xc3UKR0gif2
0oaY19dUwZimIgzn3ZZLZO,2 Much,152796,5dGWwsZ9iB2Xc3UKR0gif2
3iw6V4LH7yPj1ESORX9RIN,Wellerman - Sea Shanty / 220 KID x Billen Ted Remix,116750,1zEBi4O4AaY5M55dUcUp3z
7vrJn5hDSXRmdXoR30KgF1,BICHOTA,178946,6LO6I2uJMkc0u7GHBYHa4Y
079Ey5uxL04AKPQgVQwx5h,Baila Conmigo (with Rauw Alejandro),186087,2jGa3OwXatFYQAIS7OV7k9
4saklk6nie3yiGePpBwUoc,Dynamite,199053,2qehskW9lYGWfYb0xPZkrS
5NU40QTlXrDUJzDBdv79bg,Deserve You,187238,5dGWwsZ9iB2Xc3UKR0gif2
1diS6nkxMQc3wwC4G1j0bh,We're Good,165506,0JeyP8r2hBxYIoxXv11XiX
5YaskwnGDZFDRipaqzbwQx,Your Love (9PM),150052,7F9yYqHRtIZnEGF2tANI4b
1t9WgS8FN0534tLBRwbaxO,Whoopty,123262,0kHRftVXaiRHgQdtviml0G
3YJJjQPAbDT7mGpX3WtQ9A,Good Days,279204,781cKhbTPwLnPmo9BALQl7
35mvY5S1H3J2QZyna3TFe0,positions,172324,3euz4vS7ezKGnNSwgyvKcd
1J14CdDAvBTE1AJYUOwl6C,Arcade,185146,4fEgAL4ge9hHhxVDCUZbeF
3PfIrDoz19wz7qK7tYeu62,Don't Start Now,183290,7fJJK56U9fHixgO0HQkhtI
2MZQAvsA7aZDssppBLRxYp,Batom de Cereja - Ao Vivo,140942,40T4QuY2o5FmisyJf3AlEf
3VvA1wSxukMLsvXoXtlwWx,Hecha Pa' Mi,186133,1dzGsItgF4Gp1G4TNsdoXU
6I3mqTwhRpn34SLVafSH7G,Ghost,153190,5dGWwsZ9iB2Xc3UKR0gif2
27UcQ6dAvQrgH9C880rCM3,Love You Different,186695,5dGWwsZ9iB2Xc3UKR0gif2
7aely3H8kMj9o0gt6vXHE1,Die For You,198425,5dGWwsZ9iB2Xc3UKR0gif2
5uEYRdEIh9Bo4fpjDd4Na9,Goosebumps - Remix,162802,3SdFuYwyWoq7kuaHdTDcyD
7qEHsqek33rTcFNT9PFqLf,Someone You Loved,182160,5658aM19fA3JVwTK6eQX70
1Crj1zkRMpsEjb9NOR6Zof,"L-Gante: Bzrp Music Sessions, Vol.38",192347,6ScNKLKYY6rpgCIJThLnMH
7I8L3vYCLThw2FDrE6LuzE,Además de Mí - Remix,330040,38DYAL9bTbpSQpZwENwj78
6EHrppRT1Uj4cyShAujxFu,L-Gante Rkt,182052,5GTDPMYQ2mqLwJLlS6iRub
3OXxCquI8i14EigwILaLx9,Animal,203687,1R35ZqQyMMDZA8q4oMfVAJ
4fipVdNyG6zx7nxuqHScsy,Acaramelao,185257,4nUKyiRK7yKKrR9JslEWzR
3lCbsHaN1wCxyDzcNN2x4N,Si Me Tomo Una Cerveza,182198,5TXzXK8XclNSvQccVUiCf2
2OEVXCvrzJfpZaIPwsR99i,Pistola,157369,2b9q2TCzRLoVOi3BCilmFS
4loQgPwJHocL3dFwLfjb1J,Reloj,231594,3fq06DDIkadDRB9RuBb22v
5uD4fcXch2qE5LYeyDipA1,Bésame,142410,2gdXeh9icSTRQp71pxmTP6
2TksvaRivgAEj780DgRB73,911,215891,4G5Vks8Uru6hWVdZba0fP1
3Zf4GutWZ7Hv3wsVQsSQPs,BEBÉ,197284,1PuH88Md0tzB8UrnBfboJA
7ndTONDDRFGiPnnhOzOXxq,La Nota,216107,61qU7ompl7BKKGEgsbO4Ly
78SeXVRJ7KCqVmOwTiFjnI,"Nathy Peluso: Bzrp Music Sessions, Vol. 36",171215,3aZthZKHMbbleXcilISjha
21N4Buj4xsyLb218lYle61,Chica Ideal,183240,7aS92ROK5rixV65VSRGPct
2mMZAd3ol9wGI2WJl4XJCF,Verte,157418,3NXbwVxHga0cmLdnRIDX64
1jtkP2Vj67mcBTXJgIOZsW,Confiesalo,197112,3CHsVnC1c174aoAlDTyIUN
1VYaM9VSix6jth7nXiHvo2,Chico Estrella,170309,05XZWDj3tPhgwD3zQw43X7
4C6BlqqMwjFzOXzqpTeoWR,Ponte Pa' Mi,202373,3Nle45IcWgxIkXQw8EtYq1
5y7DaS3jAc9eZzcSOoUIwU,Una Locura,230693,69iuPQsXel3luOSDNF0q2Q
2zY1iTaEgs8ROkkWtWLe7l,Ropa Cara,162229,1PuH88Md0tzB8UrnBfboJA
6RV9pRLIQiXm3qTGeyQluf,Machu Picchu,179004,1PuH88Md0tzB8UrnBfboJA
68mrW6gXHgupgSiDHgaDi5,Polvo,211130,3xhACmNvvaKmvdslE1bevB
5MOF8J0yJVHdKE3gRgpM6r,Te Mentiria,186382,5ZhZaBJaiJPoPre9hzZ75K
1yoMvmasuxZfqHEipJhRbp,Hawái,199112,0p2yf6DucEgvj8Uk8KXJJv
2mM3gZ0BbPwPPMelbA8vgt,No Te Enamores - Remix,289933,77aeZo4yYPoMsnnRtPPpuk
4RJz8NfIe09gpKMiRUWKhJ,Parce (feat. Justin Quiles),248345,0p2yf6DucEgvj8Uk8KXJJv
6NKrW1a2OYNwAXuN4MgwXi,Malianteo 420,195529,7xdPNbwpkvpVSllF4CRcyT
2bgcUk2A3jjKbCJ7KPquTi,Mi Niña,213313,5F7rUv9XZPAnNfeKCYkqZS
4nTduFjaTmGysc9WKNuCcs,Vida de Rico,184721,1PuH88Md0tzB8UrnBfboJA
2I3qA0KslRCxFTfZnPyDhf,Barrio Prendido,240008,1y2ar7cUSgVihUHXeCI21J
0K3dGPXHVALEqW8EEQGc3T,DELITO,203136,0HvKhpJzjmC5wloza8MjXF
5RubKOuDoPn5Kj5TLVxSxY,TE MUDASTE,130013,2d9BCZeAAhiZWPpbX9aPCW
1yc7ERfIzFxPP1E0OFRvp0,Tan Enamorados,176298,3gLXoSKX6H6l1ulUYZTYvz
0JAZWvvqttGFm4UMDsPQXC,Despeinada,224186,69iuPQsXel3luOSDNF0q2Q
15OjBeqNX3bShsGYQbteRv,La Tóxica,180520,1R0ocprmeDu8ZkZn29xYFx
7onMf0QvWgRba2MRxG27yj,El Mismo Aire,209414,6LXcy5pa27VqUaqLmM6AH6
35UUpTmrcFXNIVIN26ujXl,Relación - Remix,247308,2O985DZAb4i6M6iu4HWqSX
3dEtfTtCXWW7N8WQ9FD29z,En Tu Cuerpo - Remix,310860,4IoXqa2p31wSTnOIYppcG3
2dl5K2ScW7jYhAhuem06cm,PROBLEMA,184506,62qqk2oK0GGO0AwWqUIqrJ
22Sh5dlwbERqJAq1fZk5b2,De Cora <3,190100,3fq06DDIkadDRB9RuBb22v
23UX82uDIfCUUneRfzDTD5,Titubeo,205434,4H46spr32Tv2VZeo27SvJx
7Bk0uXKk1uPT0XuQbpFzvs,Fiel,261665,7g5WqPI4CdA22Cy8LxRXCf
02MWAaffLxlfxAUY7c5dvx,Heat Waves,238805,0KTj6k94XZh0c6IEMfxeWV
6Tio0ZoDeSQnI7EBAqWer2,Cover Me In Sunshine,141050,7p0HJKqXo2WpApHFp1iDcI
2gqWRRCXnma9L8xQ1RdemQ,SO DONE,126521,3jDDMndpwWL3yDcDQcxk7R
6cx06DFPPHchuUAcTxznu9,Head & Heart (feat. MNEK),166028,5glfCPECXSHzidU6exW8wO
4Oun2ylbjFKMPTiaSbbCih,WAP (feat. Megan Thee Stallion),187541,2ogiazbrNEx0kQHGl5ZBTQ
1KixkQVDUHggZMU9dUobgm,My Head & My Heart,174760,26c7MmQ4w8EAvVLb4jilaM
6ft4hAq6yde8jPZY2i5zLr,Paradise (feat. Dermot Kennedy),167903,15sy3XQFShOFiDpKoxByyA
5ri4zqtWhG07hIuNNDWP76,Fly Away,178156,7jRjPcWQMYGtD6gPBDZiAq
0ofHAoxe9vBkTCp2UQIavz,Dreams - 2004 Remaster,257800,0BwWUstDMUbgq2NYONRqlu
4wqzOaLxiCRy2Et8tRyNSX,The Thrill,234333,2M0nxA3m2sZ5DyDzCdzScf
45bE4HXI0AwGZXfZtMp8JR,you broke me first,169265,1RWiRfdNZKDe8VXzzf2VEc
1tkg4EHVoqnhR6iFEXb60y,What You Know Bout Love,160000,7e7t0MCrNDcJZsPwUKjmOc
53BHUFdQphHiZUUG3nx9zn,Bang!,170858,7B36GsLpC6IogfPjjkRlj3
7hxHWCCAIIxFLCzvDgnQHX,"Lemonade (feat. Gunna, Don Toliver & NAV)",195428,2vGU0DOcfsDee0euvhl1iZ
5th1bFGGaXLM7wDBJpcF06,Booster Seat,268880,0lzBfRwVgShOeiFJaXSEex
7ytR5pFWmSjzHJIeQkgog4,ROCKSTAR (feat. Roddy Ricch),181733,623PL2MBg50Br5dLXC9E9e
0DmAvNCAK08oCi7miSZUIY,Lasting Lover,218358,262JcveAzA4ngibAS3Ocm8
3IjfWBZrBISpcLhIMY44T6,LOW LIFE,147768,5neGbwZNt8CBqWB3eP0hHV
6a3kNt1UlUOapDKmEr3JzZ,Madonna,195734,3KAtEV9jbwMKd1BPbN4XfV
4hSJUp6k7QeHLxU32MrLIU,Ohne Dich,125720,6UkcKpsOgl3cHt90Ewypvm
5SFXOMJJ334Wn2PwBHeRZN,Girls Like Us,189000,5boy0Dm6JWz7YP8yIWdiyg
6i7zAdNhzUN2k1HcrBxPHG,Head Shoulders Knees & Toes (feat. Norma Jean Martine),156960,1MZ3ZQqAV3wFjHjaOe6KFz
6V1lWr7s8CO5VkxXe4hBtg,PEPPERMINT,197240,4SjKfWuaqoEvX3m1HdYij3
4DnHEa1fuf3bn61AwT8Qiv,Ordentlich,168003,5R71PtNXCUYLQoOD0myCCl
2QuQkdLLzgktXwruPAz6f4,White Lies,183588,6N3kk3LU2L3KweZh6vTq0a
0E4Y1XIbs8GrAT1YqVy6dq,Afterglow,185486,5bb2Sf8jps2DTyI2urMThV
6j0l7Hjt6qeDCQnYBZuJXY,The One,164560,3qzXinrMHSBhrsKBcwnLLR
5dDQDduj3EaWrPIZ9bc8tj,BAD EYEZ,236810,1IspgyaPEgZEvvKDT1MCMm
1iAyJBksvAI6DQEnzv8l1E,All We Got (feat. KIDDO),190218,2QC9gnxGo0MnJ98mLTOf6c
2pPO9YecZimmuVQfIzfV6U,Wasted Love (feat. Lagique),139563,0i72GjB523RgrjK8HUa61B
5hCtPGRLgeF05Q902Qdxe2,Wein für mich,128800,420CYbgaEntbmYpXqF2zrC
6hw1Sy9wZ8UCxYGdpKrU6M,Roller,157093,0IoleYbJxOgQLuZDkzyzPG
1s4MvxbKrFZ5po6g2ig9w2,Nahuel Huapi,226584,1uMmauAmdJot0YF1NRZ96Z
46lyJh9GYmWsHez3EsvmAx,Rise Up (feat. Vamero),182000,4DsxykS9CPTnJPeoWXkRV8
4Lt6GXGzYsa1tgkv3nGSTm,Love Not War (The Tampa Beat),192921,3CHys9v5aX1NS861o6r556
2qpZjutAe3pstQsjwSXQb4,Paradise,156000,1PN9rjrrSXwRJvKLPeTCht
5T7pVU8KMd7hpyqfWt0nhy,Aventador,196517,4OGEdY5zER0cEopiNPvlOV
20McUFi8KCIVdNDLrkTDuZ,Goosebumps,163208,49HjM8mnjS9PgYjSC03tkS
54OBgO0Xwu20Jak9TMXbR7,Wellerman - Sea Shanty,155333,1AK6peN1DwvYRXN19cqWoP
5GUV8sDq4o2UnZn4NJJMBq,PAIN,135000,5PM1vWSeLzP22UvaZ7cvXI
0tcWtn95oGyM1OElWWos4q,Doublecup,173425,1uGq1WrOarEdzY64wVbgT4
2v3H9tGWnTcQzA2vgRokyM,Alles fürs Geschäft,148529,4ly3pELJARpju4paZrVLbh
5zPT86unoFaNP2J348n1p0,Subwoofer,162054,1kNJG2EFG7VWxlxccruuqB
3F1P0QzdXtBz0MXy7KIO5w,Fever,156910,5lKlFlReHOLShQKyRv6AL9
03cOUvF1fyW60AuUfUNiDc,Mannschaft (feat. Freeze Corleone),227146,7eKvzMoLTENJaukj2pHrw7
2vBET2pmrQqafaS6zIaYta,GIRL LIKE ME,220659,2eORe6u9TPXYisYshyXVeH
52yZydTRNmxinmjt5hjk95,Crack,156613,7eKvzMoLTENJaukj2pHrw7
0qPcwdfndSahEBm4pPGZYq,Loup noir,160453,7eKvzMoLTENJaukj2pHrw7
1Ox6RIOerYvgRH9AxIl4DO,1 Op Een Miljoen,198708,7vhYasDgXpdyjwVaFvt95z
13UfB1tm7QYrhtW8FhPYmW,Nu Wij Niet Meer Praten,192208,3PbHh4WEBxiXZj3eXoiRP2
3BDHFeYIrqGpL8HNkuI6zv,Marché noir,210973,7eKvzMoLTENJaukj2pHrw7
7n2IirOomwTTGdGZVZ3vCD,Grand bain,173653,7eKvzMoLTENJaukj2pHrw7
7qezIDRM0E3WTW1lWxItug,Mode Akimbo (feat. Jul),217106,7eKvzMoLTENJaukj2pHrw7
0RJn54iW71JQg9g2ZJVAPF,Fournaise,209680,7eKvzMoLTENJaukj2pHrw7
4QAgUdcBSPz0TkqFCJmoRp,Zone à danger,214400,7eKvzMoLTENJaukj2pHrw7
6zFMeegAMYQo0mt8rXtrli,HOLIDAY,154997,4EvukZrmNBiqJbs3LwOSHu
2pj0SNwkwxVWeFrAYtUAhB,Parano,204320,7eKvzMoLTENJaukj2pHrw7
4h1XaZGJm0skvKAzjc8CtJ,Aluminium,174933,7eKvzMoLTENJaukj2pHrw7
13rtgTDK9w1clbgXpGuW3y,Let Me Hold You,202543,2kD4XTloruMrJ1vRs9Giks
1zPefdsgeLBNZjkxKstBrh,Euro,162733,7eKvzMoLTENJaukj2pHrw7
5LYRIyhmlrDAQsYdHEvP0f,Mona Lisa,187362,6BpbeB9VUpEBID5maQ8sHl
65qLZYZ9jtjC4oHJlNz3RF,Assoces,151586,7eKvzMoLTENJaukj2pHrw7
4PEfJZpVjdclfzZ9XO8uDw,Hasta Abajo,229826,0UEG3km1FB7nGZHwiSun8x
00szcRmgqJGtqrfIUYkM1h,Más De La Una,236731,4ARUAVQnIDB02yVO8uvaJE
16ONd70tvWAaLIc6hcLzaG,Aquí Abajo,143933,6JsZWQ0iaOn0GbirYWqwCi
3lR4O0vtkhCAvVEUEWUL0S,Pa' Olvidarme De Ella,227233,4ARUAVQnIDB02yVO8uvaJE
4HYDUMY0xSpeBr0AMY9cUz,La Curiosidad,219048,5sEpXan86hEcM8eZSAoWhw
3GtnId3Cm1Xa6joCj08nzW,Jeans,185840,2CihHxhe77TEB6YEWBRVru
5KFHrrBMyGj5MhVbZMM3ts,Tu Veneno,157320,49Et8wid3L8iKof9lu78SS
1mauYRwbpoGQX6itP2FAJC,Fan de Tus Fotos,197647,2AWg2kHOfuRPjJKYyttF9T
2Q7KYjCv7XaLc0KRGY9m50,Bonita,187773,5eABKqhbKkcAkAi3o6tFun
11EnQRgRMJwMAesfkB5pnu,Se Te Nota (with Guaynaa),155825,4XiHCUNnGgnnN5xkGue4RF
6fmQjRuo7XvRFCK2qex5hQ,Mi Cuarto,197586,1NTAPW8MixdsXxAi4v9hBn
5Km4r87BoX2qqtoprYS1gh,LOCATION,265240,4ipeZHF3UKl2AKFqDhBCXR
7x4ASXYEKfQBCewcZhK776,"Ay, DiOs Mío!",189653,1mMUBQXa70gHyUjK0Q0u63
41BzKiCrKpUQHS3TP0jmdr,Agua de Jamaica,176970,7vZC8PTQUCcw3687OxqY98
4G3PTss3mU33Tau7t4KbwE,Tattoo - Remix with Camilo,222680,3fq06DDIkadDRB9RuBb22v
70uX4beGHc1nQikXveOknp,Mala Costumbre,230728,1YJjyV8YutIhzL4MWAB1LY
58pgi1RpcU2fVJsxhm7BIr,Tapão Na Raba,175046,7vmK77PL6WhlC2oIDJiFR2
7EWXP47VlXKO3r7mNxuWHw,"Ele É Ele, Eu Sou Eu",155209,3qHr515eeTF5tfUCHaCkse
1ere9b9vDw2N3m9d4uiXxa,Facas - Ao Vivo,196379,0t4odyaTT5r6RJ7L2CjR8q
2nZj5YymF54qhAu7RneVP6,Coração Na Cama,173226,3IfMlmwvbnO0yPVTNCnwAb
27X3qzgB0Show6qfw5wNOK,Esquema Preferido,189463,36I7ShhFb2VQsDx5dWlf9e
5m5aY6S9ttfIG157xli2Rs,Alô Ambev (Segue Sua Vida) - Ao Vivo,169593,1Yg3QTRv9IGAWeJQb7q8bT
4AAIAVjSyiq1N7SXKkwXZe,Troca de Calçada,203158,4CwfuAMrV2zwnoOzJtuI1k
7GLWWrk1YlkPYqJK3ynIA0,Lance Individual,164458,532ccGsBf6MOSS0mD7yWSx
6sPBi0qLI6KM3yXX56NxsA,Meia Noite (Você tem meu Whatsapp),237900,6mpiRhzd62ck4gh6E0A5NF
158ukl5rih76dOEsp0I91H,Paradigmas,157354,1GLViCxaCfb75xbzBGbskT
2SUPbyD77tJuOUbqbxct6l,Quero Ver é Me Esquecer (feat. Jorge) - Ao Vivo,147875,0EB9cgGjaXmq2YDrcpdSDE
0WlmiIK5qFQ4dAB4mCA4sI,Amor da Despedida,169773,2E5eG2FJ0VAkg4rVmLlX1i
2pBEAodCImE4LgbKAG4bfz,Último Beijo,181279,6AW51ww4T6cgKSxfj9PybR
4Ls13Ag4SWnniiX4QLRltL,Acaso,200890,0kn9FP6sRjDYjQkIsX2hBa
1Cqg0nJOZRyvltkof8tjqA,Foi Pá Pum,183413,7gS7wxmnbG0jm5qoFzOXt2
5glMxRMRHGBRj6bydBjoPM,FALA MAL DE MIM,154181,3x3CccLoOFQN8jnFJxF91n
07AQkmp456NpEnT8HR7WLy,M4,170000,0yqUVjjoQFD1wtu4OJSNM3
1uA7fD01YlQr1Rm0oyNB4H,Pulei na Piscina - Ao Vivo,181846,59wHxqp3FE5gfK0l4wAIc8
3rRin3LyLY92kpEbkCgwf4,Basta Você Me Ligar - Ao Vivo,182976,2Zwru555EbXVqOQ1c30LLH
56F3ngwk3a42aLY0o5QgBF,Fala Comigo - Ao Vivo,140629,78YLa6QF2hX4A0QIX80QGy
0QglpM23kl9ldvVdoYNZwF,Mds,125142,2x3FO0DZC61UwKBFNsnkzX
1JHvLQWHUoYuapwQikeDuD,Ele Não Tem,212192,1H3osN9EmZy0a8DGV27hXy
2JTir3y1VuJQmexiTCMcTP,Recairei - Ao Vivo,166837,1xpVDIfB11DKa1P2YJDdJP
0DlHQxrVijRqVUfuS6PKaY,Deixa de Onda (Porra Nenhuma),184999,1fjkJADMiiZWMDusZSMNix
43VBV6uVyKAHbtrRpizoRK,É Problema,184149,5DqAW4kvj8veOV5PZOZcdg
3HquWF2pZmWYu3WAEP9Heb,Só Não Divulga,160476,007jctHYAC50QpRyU3Cnj2
1mQOFRDoqI34LdN79PE0vH,Ô Moça,180923,4ps8YCaJj1S9AmZ20mm7P6
1O74aTse7W5hd2rAvnEVaW,Xerecard,236112,272ARtGGQmKejfua2jWFmz
2Gjt4rUHBUH0rMKpBg0hF4,Disco Arranhado - Funk Remix,125557,4iQUKFW9eZNn2fWcxuANT8
15k1TDabqSEmyXOwMq9RM7,Investe Em Mim,186533,7HkadvWYCa91hUKnBqBFJu
1HoapWs5KcMzs8QYdgg9Kt,Não Pode Se Apaixonar,170000,4XL8jGKJBd6cOEyggh5cFO
40zJaB3z53PGaxIkYyieBP,Só de Sacanagem - Ao Vivo,183695,40T4QuY2o5FmisyJf3AlEf
35qOGx1CWvCkQFOv4BkVIV,Esquema Preferido - Ao Vivo,201973,2088VaDwnFtTCZI1Xr1kZZ
0YqTL3nSL36OFdHwHoqCag,MODO TURBO,150259,07PF9SyKuu6hstifHc0nEt
68cPbG7hJnwDW9nPX1uQcX,Saturno,186947,54lVKhg9g9xAzZjMU46ay7
7J3QMuDCSv56jRSiD9jFBF,Cidade Inteira,214285,2neGOdvdIFmfTaO6zjyCW8
0eoMMLrWtXbLk64baeESkc,Tudo Indica (feat. Jorge & Mateus) - Ao Vivo,183013,17k2RAZkXJwm7bmiGAr0FZ
7lJoRyuNJtuiqTcKtuMuIR,Maçã Verde,164307,2jsCve1xB2Gi5fag004Wsh
2QCwoYDn4DRfjs4NhW2KpO,Alô Ex-Amor - Ao Vivo,197952,44Jrx7i4yt50pvFHbhIRgu
5ra6CI0pEzqjxPEZeBz0d7,Amor e Fé - Acústico,322736,4wRvyoU54SubOhGWL2n9Rp
5NeBu4oKweDXIjhvYqtbLo,Hackearam-Me,209250,3KHR8xoze8HO6SGTCeCGQt
2ASs0n7ukfyxAxDtdir4vF,Privilégio,151384,46UPYnlqTunDKOjpogfIyb
52yvnBV90B2ZUC5b25cFer,Espetinho - Ao Vivo,171116,78YLa6QF2hX4A0QIX80QGy
3dPvQLKl42dMYWV4LWRTLK,Tá Rocheda,203075,59Q7HNcjiKQ0TFBvuzpbLP
6SA8c5JbUZF7HyAeDX4iiB,Preta do Cabelo Cacheado,161988,1ZDXuc6Mv84xAM2eEkJMPO
2Xgc216OMnc9PyUalpaSPc,Mtg - Vem Sentando Vem (feat. Dj Nbeat) - Remix,139546,4N6rRcnZCELIQGfHRmQ5ni
7snoDTJeoJ2oVMhf7eoF3t,De Menina pra Mulher - Ao Vivo,208383,78YLa6QF2hX4A0QIX80QGy
7qmnP8Woc47dLSrMD5MxL1,Amor ou o Litrão,173913,0qNwJrFHuC0nQt9J4UwEqn
4zsiMjB0794HztyqUkD3Zi,Sogra - Ao Vivo,177067,69BEwRfwBeIpoene374tX2
589KeND3ebjbfhs5GfGGyx,Грешна си,216784,5bk31in3QWRWCg4NPMaNtj
6Fz0IEZ0qHeu3cEbRDqSnU,Изкушение,224000,2eMxdsV5UGrIDcaQKTUrLN
6W2jsJG6MPPJ6xTWcNEeHr,Грешници,248000,5dcFrXa9bC6CKElQiQo777
2MUIxQQ7YVvefJ17ZVFSId,"Boi, boi",233846,60m4aHFtoGtOTL3HeeYZgR
2IxTTLlkB2hSUDn138o8uq,Chukove,212000,5jaifFEhQ8ECq0kotheTHc
79s5XnCN4TJKTVMSmOx8Ep,Dior,216386,6d1vGZsr6Uy3h9IigBpPAf
5w49x5l1LNLhnSCAp7KnYg,Pie mi se II,141271,4RydW0Pb8KJS8iyN7DwTIc
0PvFJmanyNQMseIFrU708S,For The Night (feat. Lil Baby & DaBaby),190476,7e7t0MCrNDcJZsPwUKjmOc
3eekarcy7kvN4yt5ZFzltW,HIGHEST IN THE ROOM,175720,2uDTi1PlpSpvAv7IRAoAEU
4a0oV0MjoURyHnW1gz8qcg,Да си тук,217333,5yuDbOYBfw7DfzyvkkzFIM
2QjOHCTQ1Jl3zawyYOpxh6,Sweater Weather,240400,4xkM0BwLM9H2IUcbYzpcBI
2etHQJxIbV0soyPhelVs9Y,Best Friend (feat. Doja Cat),155883,28Yv9BE6ZI6dccK0sxbEq4
01v1AOXoUjXVpd6rNiVkSN,Napravo v kosha,205116,25C7BZpOoyHB4S7r7PEfPE
6gBFPUFcJLzWGx4lenP6h2,goosebumps,243836,42WVQWuf1teDysXiOupIZt
2Oycxb8QbPkpHTo8ZrmG0B,Prisoner (feat. Dua Lipa),169333,5BRhg6NSEZOj0BR6Iz56fR
17vGPZ5EsdvtgAOCD4FLWI,AP - Music from the film Boogie,171891,2xAPKH0b7vGsyD5xzkPpnI
6QhSFWJE6xSquYT5ZJ6AWc,Obicham te,232000,2wRP8onUtYeh6AM7y2DZgs
1AE3geuJdEBiitm81QuuOi,Недей ме вини,234000,0umgUWREzW3CjM8vJtxVpR
1bwLTopYsL8A0j0fg7fi79,"Не, мерси - Single",205347,6ZQnhMqGKxVllFBsTUprzz
0nbXyq5TXYPCO7pr3N8S4I,The Box,196652,52u4anZbHd6UInnmHRFzba
2r6OAV3WsYtXuXjvJ1lIDi,Hello (feat. A Boogie Wit da Hoodie),190534,2MDU46hcBn3u94s46BOSdv
65OVbaJR5O1RmwOQx0875b,Wants and Needs (feat. Lil Baby),192956,5LuoozUhs2pl3glZeAJl89
6cQ08IpBxxfGcSKxqE3NmB,Headshot (feat. Polo G & Fivio Foreign),144349,74nxdn9ypqp3hqJEttpDNU
2tB9OFgAHjAds3cqquLlvp,Loved By You,159250,5dGWwsZ9iB2Xc3UKR0gif2
3buwFfY33H32wfZ6X9poV3,Somebody,179414,5dGWwsZ9iB2Xc3UKR0gif2
6fRxMU4LWwyaSSowV441IU,Beautiful Mistakes (feat. Megan Thee Stallion),227395,4jGaPN2gEpKciN02ZKRShT
4FRW5Nza1Ym91BGV4nFWXI,Lemon Pepper Freestyle (feat. Rick Ross),383036,5LuoozUhs2pl3glZeAJl89
0zLCBJZSiELJf02ucPP9wb,Roses - Imanbek Remix,176867,1OmWlObj9gAwNnTNgxBUmz
7FdUvDkaE24o3FPIWTvzv2,Follow You,175643,1nz0PWfAcTQVbFtpU6u1UY
7FGdjbZ32vMybPuP0IuE7d,Back In Blood (feat. Lil Durk),184489,2UwJ4Nt10VStLczYefhcEV
1Ymx1Q7EXkxd7FwKypAQ6o,Juju Juju,184005,4o8m2tONjWiIppgNgE3VkR
6qraVL4IJaIj0IuEexYJNa,Explícito,195066,4ht3ZwHsmWhrrR8LcKd62u
33IHBjSXpamVSajAQ3wSER,Religiosa,160340,4jfOmy33i7nM0gW5zPslJK
3ymRYcYHxXMmyvCaKcJ46k,Skyline,173945,2oLEG1I4AcvA630m0wSuZH
0VWLId2RwPCno9s1cJm2Vy,Travesuras - Remix,324426,1rQpXDegLbNBpe0fshpeKa
4jOBQxq4Ffd8DDrsN4wPOR,Christian Dior,147120,4qLn9tjRhGQLjImUMTjOMz
7wWqLiOmDfjGTwrz95niTD,Rata Tan Tan,152731,0i7LxLqsHbR0lz6MJQyZt1
0EhpEsp4L0oRGM0vmeaN5e,UN DIA (ONE DAY) (Feat. Tainy),232253,6aqSlutLYNpzSsK4dV5jTr
7LE1K0lZyRFZjSlrnm7lfD,"La Curiosidad (feat. Dj Nelson, Jhay Cortez, Lunay & Kendo Kaponi) - Blue Grand Prix Remix",382555,0KhKYoSXQqEnXDRmIKMmGm
1C91EF0FrgTMat91LnsiUh,Siempre Fine,165679,4ZJFPNSnivkwyyNJ7EIYT4
1UmZpd5navRsg2ukqCKJjc,Cuando Sera,176000,5r8T7S23cVDSd7a045h4N5
5ddFjrPG8NgQQ6xlOQIVd2,Tú Me Dejaste De Querer,198493,52QyC9nSbgtHFXyQRHsXJ9
0h5loK7awcpjgerjVSKHCg,Corrida,170040,7eKvzMoLTENJaukj2pHrw7
360oH1CqXe9XXzbbi6hvyr,Le temps,197240,201N2ngAenwI2FBD3EpzpL
1rCUcUnzMbnvf7cLOl2EkJ,Mafia,200333,7eKvzMoLTENJaukj2pHrw7
5psKag7FkSEQuoHBBCTIIt,Raisons,170266,7eKvzMoLTENJaukj2pHrw7
7HRCfrGnfLDyLmeV3dWnN6,Plus rien à se dire,161040,7eKvzMoLTENJaukj2pHrw7
4hlrY5fxxzKRYb193YP5Cu,La battue,117826,7eKvzMoLTENJaukj2pHrw7
1SelxYHPb04GjUy0oYV1Jw,Mon poto - Extrait de la BO de « En Passant Pécho »,183133,5Z31afWU0NIldn8hRK5CZq
4CWcaGtaOyAqBDKIeZMUe0,La kiffance,179426,1YrIKS84a899NhW15PDswr
6YqWoncdvGUY4pfuLiuyRb,Le coup d’avance,76960,7eKvzMoLTENJaukj2pHrw7
717QGTmZdkemDaCo1vQHG0,Bande organisée,356346,0A7vrkKQeL5ZRVkwABuqcc
185uGUwqhl34oc973DJMnZ,Gibraltar,136346,7eKvzMoLTENJaukj2pHrw7
7uCLrBdy5FH6T7vcJzqRd7,"1,2,3",225997,484D9KRWoTWTzghknHQd1Q
0Z8DRG0HgZJ1bIhCQqyzPo,Cœur noir,179554,6xHmPjzC5uPEouQwoKsUnp
5xriTc82DdSAGToWcixBKf,Casanova,172146,2QS8mwj4JvGDRsv9suNzN9
5SqR7dxbJiTSadTaVEhZ04,Elles ont trop joué avec mon cœur,223453,2yiTtbQXKxr7uswNyxjrs9
0i5GJckWb9uCZU4jcGoBca,Tout en Gucci,227117,2NU2ajd63dfXOzKrvoMS3G
25PVU9aowaP69bSYRBe3sj,KASSAV (feat. Tiakola),210253,31H0KWvM2hCC3p8jkctCWN
7moGDROshDKDpuQxtQ3q4m,Champion,190245,5gFor2ZmO0Agv3isgcMPDl
5cpJFiNwYyWwFLH0V6B3N8,Del Mar,214506,69iuPQsXel3luOSDNF0q2Q
2hL0WVDLvlxZ60J4YyWvFW,Médusa,157600,7vA0TnW2lm682zNwiRKEcE
66tNDqYNR2S6Svwgm3BMi9,Cabeza,148035,5cnpjofSRJPxR22AriH7Q9
59o6ojGNGJOYiVJSzC6Lsa,Memories (feat. Kid Cudi) - 2021 Remix,162992,6YjGFGvxaNPwD2sQjECHSX
3IWsDAFAwPNVnnTeQyUj7w,Allo,186439,7ylMn46R4HGKkOhmjCuFhx
0Q1ZthgaRH9sLIHHDrzX4X,VVV,175641,6BpbeB9VUpEBID5maQ8sHl
0QMHp1X3B5BGN6J3HynHT1,Mother Fuck,216866,4xeZJTwCNcbyLiSPhvhCGb
2ZjTAieewsBC24kPGfLagc,RATPI WORLD,135594,46d2es59WpPNYuuUyAtXQm
1dXz1boMWgpeiNcTK3jRtU,Deine Schuld,184500,2zfATmHZfIRjEnATDFUW6C
0nYSnbFVX5ghrERjwVZgwZ,Niemand bringt Marten um,195319,3WyjbWN8sdlpWugQuHpWUk
0Cnb8XdGDMHAmIRBUJMkIS,Where The Lights Are Low,136995,5ymCqifRmYTEyN4dlZf7Vq
5jYDCxuSx1mfApeWA4SlqX,Wer wenn nicht wir,163500,1E5bSnYcfhaNVbRTfUpRRI
19LqJBBfd73oeBc3CPgDdl,Lost (feat. TOPIC42),140026,5ZJ2c9bd5wsIXlQboaM53r
0MuUSRBlStYNy0IeSrjmEu,Fluch,181704,6NUqv0WWF3j56HvFKgs5yf
3RcXFW8aiRYHRaDDYBqJ76,Faded Love,148345,5DwA2j6RPl3a9CEHROkUK5
6RvBo8JZUMSvvHnGa2hDrj,Diese eine Melodie,172473,5lV7NkfTGByc7c3zppGdPx
6PA5kMfB3Hbi7rFFKiRIf4,Verdammt ich lieb' Dich,176288,1gcwQ0SHect3Pr0eMOmBMv
1tUF7dEhqmV2Z1pTsGAGnD,SYGL (feat. Shindy),152594,6YO2oy0EOPdM8VAj9Ecg6K
2dHoVW9AxJVSRebPRyV2aA,Gone,207163,5BQcoDfcZ8aBcikYX9B7Ob
32QnXosZq7A11knnBAEqk7,一人之境 in C major,195424,43QviVcqV7nKDFn00PiXiZ
63QmxPL3QlchvXcHLsI6UM,時光倒流一句話,253818,4IynRAJW9IVPnitLGtydpt
06sDxr7MbbwFyTP1f6rvvl,E先生 連環不幸事件,268536,3BigkQlwdh92lAgiPtd1Ko
4ckh5VN2HYQ8TzS51Nh7ol,俏郎君,280822,4m5WJ461G2KsDfjTwKarF8
4xL01OuFjqizPDclF8gDpl,隔離 - Studio Live Duet,248382,3I3I0AHGrv1daEtREWB1VA
4IkQXb1IdIziAJmO3FODo7,是但求其愛,269000,2R9j6chH2WczYgHTbG0FQx
3OC84eKMxRJ4x0Hcwl9i4i,刻在我心底的名字 (Your Name Engraved Herein) - 電影<刻在你心底的名字>主題曲,320165,5RG4bEVKGMdLaEIv1dofR2
3pciLZ7pj3WiwP8AmKdze8,未開始已經結束,307422,27M08FRLdAhpAkorPnkuGa
0Q3jOuEpx8Esi2qZMQSghl,下一位前度,275234,59YA2cgcSxJ8ndjcWfNbYr
0pupuSkMBGpzsqG3fWcyPe,銀河修理員,232224,27M08FRLdAhpAkorPnkuGa
1ubjsQj2DEqPMqC5CCwMEw,時間的初衷 (電影《一秒拳王》主題曲),327804,0ModZiFlJ4homzkNeuRATU
7egdaSVtPnuW7YG821w7jz,隔離,271000,7AaIDRR7tkYkBEdy0nUWeO
1qc9E4zCJ5utXDQVIAZlkm,東京人壽,257099,0w2tKyjNG1x1wgYyAnlTbG
4t53NE3uBLkTwW9rUgiHC8,呼吸有害,192196,3He2V83TzOwwyrdCJTeJeR
0O7O4sssbFxoNoB4QRGra1,飞鸟和蝉,296006,4LGp83hqpcHOAk50c7IQeK
69zgyr5HVKdInjeKpq1qHa,"想見你想見你想見你(電視劇""想見你""片尾曲)",239794,44M14sRDzNZBtfaSH9Au3i
2w9A7fvq6ka5CB9l7wDZXG,蒙著嘴說愛你,240774,6OPGexvajf1yf21kT1X0v9
4SFknyjLcyTLJFPKD2m96o,How You Like That,182956,71O60S5gIJSIAhdnrDIh3N
0Os0RD1apkQsWOeF2cV5w2,遲了悔改 - ViuTV電視劇《太平紋身店》主題曲,264183,76CJR7OqDn0eP3YhY2efl8
4RewTiGEGoO7FWNZUmp1f4,Celebrity,195533,3mtDgtcl4bxDN73kIM216g
2VJOpzv5sBpstCX9venJr5,Rollin',197693,0mOAG4DOqKvV7uwDhlpFMm
2WVbMoHdWCspdiEa7OnG1D,春秋,259826,4SFTHZzZXGAXE7E1cd9bjt
24tzRRz8r26gOmQB8PEZwv,拼命無恙 in Bb major,241062,43QviVcqV7nKDFn00PiXiZ
1rTnGbIahUmq6fK8RWAXfd,鯨落,242646,6TNTfqsjHvxcrzjaO3fvWC
6MCjmGYlw6mQVWRFVgBRvB,夜に駆ける,258838,1xhO0GSoezdPJcSuNe1ySv
53HxUdYRCRMdzYPG0qhGUP,假使世界原來不像你預期,267530,1uIlhInRyOcam9TjlEiGP8
2b8fOow8UzyDFAE27YhOZM,Memories,189486,3nR9B40hYLKLcR0Eph3Goc
6pJT4f6S8GPQ7hWCDvygrN,2084,316991,2j3mX8c4hex5NmMlL4x7g4
5x9Clj56YLmklm3Zikx2iF,我在流浮山滴眼水.jpg,255805,4O5Xl1fqOvpIfahlYWWndA
1eId3TVzGrwv73YAWAVQMX,你瞞我瞞,237733,3VL7eP9OtVVYWHgWLyGQRo
1jVw3apCOogFU1mOquNIhC,正式開始,208778,40i8Il5hBAX9OlqcZvQ2t0
3hU9nGBhYJQwvF8BJ4PUcE,囍帖街,211720,7q9eYKUnxlErGoPA2OKZyC
4Ws314Ylb27BVsvlZOy30C,Lovesick Girls,194765,71O60S5gIJSIAhdnrDIh3N
7dH0dpi751EoguDDg3xx6J,ドライフラワー,285586,69BzgmDXpLIPQI4tUGuLZM
0XZyF9lv6diMt4bxThOL0h,勿忘,251533,4TapnJaH5MhqK5Jn7jt3eS
06XQvnJb53SUYmlWIhUXUi,怪物,206000,41HUxKwnbrg8IdelmMibj9
6EzZn96uOc9JsVGNRpx06n,うっせぇわ,204920,5msh7Lspyh1jGbDM2BxwAy
1zd35Y44Blc1CwwVbW3Qnk,群青,248026,1xhO0GSoezdPJcSuNe1ySv
5RhWszHMSKzb7KiXk4Ae0M,One Last Kiss,252026,3YXibprimHgDGwv8iPPT6S
0cSkn2l67csUljEy0EEBPn,炎,275000,1KmL1EZ0Pg9Vj3rPYMDqHY
7AIj86wFWqm7X1TZ2hzHwS,虹,258733,0hE2gFx2Dv7DEm9kepaFFi
6y4GYuZszeXNOXuBFsJlos,Kaikai Kitan,221426,6BZjN6j79mjz7PJfGmvCR1
08YwAPnX8sygJUXG9rvhDv,ハルジオン,198600,1xhO0GSoezdPJcSuNe1ySv
2Gmyw5Vg2X5YW2lM3OC7nD,春を告げる,196497,1B4Ka4FOargLNxmbNch7xv
465JzFiajJO59sUrDFsxdC,アンコール,271440,1xhO0GSoezdPJcSuNe1ySv
7DyS11kB1YNrfDzQqtjmTh,"Stand by me, Stand by you.",193012,6CK4JBvVs10dL8xn2nNZwe
37IPQgBkvbmH9JR5mlY6a8,魔法の絨毯,212018,0BrbcPIApLwQQqJkizPbrs
4Jv7U0JJpbQnOrjtDwDZTZ,裸の心,296653,4UcEHspatQwGvtfR6AVwZl
0JTjZnuciQH4M3620aMDtZ,かくれんぼ,271093,6cpzSon38ekIuocueyQTCe
5Ym4egUmT9wHEvZM2anGG8,napori,203787,6v1LcUpY4GNjQ1pQ4SJCDY
1LnJVIG1BaHTRznuOgR0yc,Make you happy,184520,1wIIu2i7A56TlMD99CVNQD
25BJRpLBe3i6d8okphoRAm,猫 〜THE FIRST TAKE ver.〜,273893,6o7g2IZKcH3c6yGHQA8hvc
5D9MPWdY2hjSeTIGE5n5kv,ハルカ,243613,1xhO0GSoezdPJcSuNe1ySv
398dL22bDbKbAmiOnPaq7o,たぶん,256773,1xhO0GSoezdPJcSuNe1ySv
15HNdxGKNCIO9pgaY4n7FU,Pretender,326842,17gzvH2FPpVhpuqalLFi9j
6sIx7Cn37DGEhjy9hBP8Gx,猫,276040,0jf58OGRFXs8NG5hcUCJb0
18nkY3pJTub8WwEGiQAGh4,不可幸力,200243,6v1LcUpY4GNjQ1pQ4SJCDY
278JqkBGkjDovOYAwE8TW7,115万キロのフィルム,324633,0Iz8ByVqKvdlyl77DV3y3p
2FHexlZenTsS3lsjUYHiDx,正しくなれない,240066,47anQ0XC69gwTModnqWQsr
4pRqq3MwcqitKqNO8rOrOb,I Love...,282026,7EKSlfTmzRj012jKIstn7L
6H0PLsSYMzDOqhLgyOlzIj,感電,264533,052EiTRYh35MuDVJN9Emdh
7tGDXCPLpAScEwmqab9YZd,Walking with you,223186,34T4K8s8PzTNOZ1vuBILYr
172fMG26G2OoEzzg0wn26r,白日,276373,1IYJeRjWNruxAKls5cBtqm
0qMip0B2D4ePEjBJvAtYre,紅蓮華,237586,6qi56zXbhq7PU5lvzWNXIO
5DgAgJbHcm74RyA9YKj6k1,Step and a step,201720,1XnvWmRl5YIp6u4k8rvIwN
6uUtmCz8XXep7n1QmC1jJG,snow jam,185378,3jtrdWKt4Uo5iUU6VCc0do
6c5k0VC9TBzlcKwtjpzFW2,silent,308921,1zL4fVzGjGVuX6tMCUXUyg
786dSB84yrSaICJwCT7VxP,香水,255226,4Ixr6M2KwqrH5GGQMRFgkI
2cKiHG16JBiqHdi7Llq0r7,マリーゴールド,306626,7fIqmc4GIaueaiAoDifAaA
1sIIlVrnPhrvmTrHtzM7tV,点描の唄,307066,5enxwo7c4D5mhXp5f56OLy
3wJHCry960drNlAUGrJLmz,ただ君に晴れ,198971,4jEsFbcpgjHiu0rsTdlaOy
2SihT7AVMiI2VtaAyVIcnO,恋人ごっこ,200219,5kArccOTc9R98l8GF1D0bF
3Ys2PYl1wyPKQIwyqhP9cQ,Stay Gold,243266,1nScVw87kRJiT2bg2Kswhp
1SdwlHsv8bWHbAlIw5Jfgo,Laughter,350299,0zoEfi1Tq2OXlhD2cSClWW
7p8JJm7CT2F4k11f1DtNUa,キンモクセイ,231435,0KmXPL9gMri4vKUST5ohiY
359Yw4Ng9TcH667Ct2Dj6D,創造,234166,0K9ynR8vZZocGNMi9bvlUM
2vOAHp8PBBFYqvQUWSoITY,インフェルノ,211600,3bRSI9DOQA2KdJ7t6zdW0V
249gnXrbfmV8NG6jTEMSwD,Life Goes On,207481,2qehskW9lYGWfYb0xPZkrS
5wc4f6crkCzAvwNhoEeMhh,Myra,255000,5RnitWpsREQdooKLu9tSI0
52IsIvHidofM9JMjw78Jyz,再会 (produced by Ayase),242166,5E725MGo2fLSl5Q6CYKevf
1iEsGutpDvMJG0zYqoKKmQ,桜が降る夜は,269859,1SKFic1b0W6lWuXBVzupOF
7D93pJcwymzaZx8WgBo2zG,Algo Mágico,261603,3fq06DDIkadDRB9RuBb22v
4nbWX2HzrOEnX4xxvYRCyU,Cabrón y Vago - En Vivo,142064,7rJgUM53wtu1WnwcAMaEgg
7E9GeFGfjXw9LAI4ay6rsw,El Tóxico,179745,0FbcuKOFPTtZgqAucm31iG
1s59X35jDULAyOGmBuTAnd,Yo Ya No Vuelvo Contigo - En Vivo,240456,78OOLWnOyjDZRqxZXlfNk9
4jcxBTrNvyqMJdMDyyjdYV,Dime Cómo Quieres,171360,1OlyomFZOv4Lx22rs4lBMw
0vtYnEw1eJwW26BrBnOAYJ,La Casita,217600,4j7afzzctfV0UPUrJKWCQk
2QwMXe5zbqymDZGYsMDVqZ,Me La Avente,155802,7kTcIz6EDhc8G0QCyvpOpH
2G5kj8gYNAVM4pQ0IBBaGA,2 Veces,189066,0ddW33CDTAi75BC9ELsXSJ
1qfoq1qvZT7VwDVeekCJ97,De Los Besos Que Te Di,167373,6zgCsYTyMyvBLqcv51KLXS
26w9NTiE9NGjW1ZvIOd1So,BOOKER T,156430,2d9BCZeAAhiZWPpbX9aPCW
0fea68AdmYNygeTGI4RC18,LA CANCIÓN,242573,6ylFfzx32ICw4L1A7YWNLN
7jL2tCE0Xn2tunqWayBkte,Calla Tú,161813,5y5Qud31YIPnxbVjzojvmK
2MJz8BxxMsERULatmBikDH,At My Worst,170344,74UvOvL6L4tZbYFtY759ZG
0742PcMPo2Akmo4vHC29VZ,this is how you fall in love,174586,5nAv0lNEyaR9IC0RR2UQiW
7F1CiKqrY44kh5cDqwHOnx,Love Is Gone - Acoustic,176971,4sFNNIc9t1SS1FnuVKXR3J
4xqrdfXkTW4T0RauPLv3WA,Heather,198040,2CMlkzFI2oDAy5MbyV7OV5
6Im9k8u9iIzKMrmV7BWtlF,34+35,173710,3euz4vS7ezKGnNSwgyvKcd
5cU1O9P0EDA0rPkPDykhIm,怎麼了,321040,2lrmHLTedOpdP6TaZDZ77F
2gMXnyrvIjhVBUZwvLZDMP,Before You Go,215106,2wiPF3m0ylst0JSk1IvZL8
3t8M86tiO0aKMMTXzRrFn8,嚣张,253994,7HBIfL5J50gkUIjSWMRWqw
74nVCj4vMVemLIs71vXcnP,白月光与朱砂痣,204215,22QqokF4etKGtDv3BrNvXK
56wVfJKtnwlSZtC4NVgIrf,說好不哭,222333,1aNkIWX1Uz0mSUK3OAFygO
2gug6MRv4xQFYi9LA3PJCS,"你,好不好? - TVBS連續劇【遺憾拼圖】片尾曲",287306,4qDKkkL98yqdv85xqYfyUc
5uCax9HTNlzGybIStD3vDh,Say You Won't Let Go,211466,7oiJYvEJHsmYtrgviAVIBD
1HbA4N1MiOsPthALesGFR1,Monster (Shawn Mendes & Justin Bieber),178994,3Lp4JKk2ZgNkybMRS3eZR5
6kH1sKkvgN4Yikake52glq,We Ride,189933,3iBrnwcIhtRrpRXirqxx8W
0pYacDCZuRhcrwGUA5nTBe,eight(Prod.&Feat. SUGA of BTS),167573,5vJNAlQeTf9lsulO1YlmSt
6JeleVHUHrdvgiFESE33ZU,MELODY,180423,5FyZZQnOzCUzAMWmeWbQhO
462OPOKW0VMbvW9H7HIb0U,Don't Call Me,220173,6bfcHf3khPey88qjiiw8V3
4Dr2hJ3EnVh2Aaot6fRwDO,Blueming,217053,2xEH7SRzJq7LgA0fCtTlxH
7muTXW7kGytN3zdomku6FV,TAIL,190960,6N8gHTBafJrVn0tcn9AKqz
7Igh1mqghlHz5dimfQV85G,VVS,335253,6kMyOivhnaVCAfTw3ikjpB
5KawlOMHjWeUjQtnuRs22c,Boy With Luv (feat. Halsey),229773,1AvXa8xFEXtR3hb4bgihIK
2SAqBLGA283SUiwJ3xOUVI,Laugh Now Cry Later (feat. Lil Durk),261492,0qGdc7fNq9RNIPEzZufa43
4Iedi94TIaB2GGb1nMB68v,On Me,135959,25gJpQKgXxT5CrMitr0DQO
2H1hYPeKgIQAp439cx7GsX,Umsebenzi Wethu,381086,6TMWGIRUs3jSz8ZIfjVrRS
1shPobG6XTGg5ryUEtSkzK,Idlozi Lami,398903,2vO3uHk8tChDjwufVpZlha
4ckpR1gCb3PuoDAbEA9a66,Vula Mlomo,441852,3iqK7uy7JuSAlg18lcyCaq
7ke2C0XWkZFo1PaVZjh2aF,Woza,391186,6hHvePRHO74IOPUFfLRBFT
3pLUJWBRx9PBdphuNxn3Ka,Summeryomuthi,273600,23qbw9oHWVJWpBE9X02dMl
4nLJnkaFq9VNYVz1SxJsXi,John Wick,416321,2kE4dNChxoaS64Xdt6XLvu
4KHNX2uuE1USVfokLMjlry,Ulazi,358943,7H3fylnxS2ixwXs4DMrecw
0mOoPsb9xZTzFqKLLqvkjL,Amaneighbour,413493,5FoWUwSYwWGGym4oVzNrOq
6iKJIYuyGWZ1YTwee1FzBJ,Superman,514307,3Z6b6opOsOSYXXuVJGXtH0
2PgDbeuhqT2vY6fOe15PDf,Catalia,325691,0Cb2Zi3bxdpR9YrwadfS6Y
61P7fkM3YBSTGCrLBUaWKM,Samarian Boy,393430,1ZwWviKOdxQsoaobNqiMg6
0SZtkfDkXwoZshG9hv98WR,Dakiwe,374096,4TGBsEH28jD2ggogWV8Ep5
10sQHZ1h3LYoNGGMDSDx49,Sithi Sithi,410000,3QZ9tKU78ZFtXIacQDKcGT
3mnL4RKOwb5dlzCuaZjzPG,Mamela,314500,1JhEft6AHajvDccPKUBwek
2a1O7kNCzspA2otqOpS4fV,Paradise,371282,72CNHApUM3k3v3KZSrICBC
7iPnbJ1W7wus9QqeBtpuII,Getting Late,254557,3fxqOwmITBpQnS5Ub5Zyjy
0kNOuZYnpu1RiQTWXUUzE8,Dinaledi,495746,0xdssKV7YH5OSpIp4hQVOI
32dzOvkFzmjEPjPidQRxU4,LiYoshona - Main Mix,518320,4t9ahFCSrllg1H4TFbRa3n
7fuvhZxxLou4qRRo4Z63wE,Ale jazz!,187545,76LTor7lkmS5TndjKVxjEc
1ViGe38tmbdDapmz5ReZQR,3KIPA,298154,6PTz8cfAhKWI4wJknwYdH0
7umEhzfURpGTSRbcX84qLy,Szklanki,163200,3KC1CFm9pWIdncnKW0ECm6
27gknDBOqYJmOFYyaOBAfa,BLUEBERRY,176000,3LKHTl94vZ2yLDiusRJMQj
2uR9nWZDvjjmQm5CTrqA1Y,WMTB,189036,0MLycOzFaTXcxoBuFsH6fJ
4XZxxP6ilbl56BooNjq7Ki,FALA,256000,3LKHTl94vZ2yLDiusRJMQj
7HvMlXXpPKj3nYClkyoxbE,Moonwalk,194042,1O611Ag09UHVQOpDlgrgXm
4yP4P2pHqtejjQ1l12J8bA,Testarossa,233000,016PGl1r4dhEeg6c55ajRT
5kdfwTDub3JHmU6FvKK1db,Fight Club,140120,34wL945m2wnXS95BGBDIr6
1k66TKeE51BtgF0q2ZOCOy,Alien,198213,59x0oi366aVyMgicwDRDgu
1YYyfjeqq910iiPShYlAYj,OBOK,182080,18ZSIoCKeHralHR4T1iIMi
26N0AElCFxUuGQ7YoYs0tU,Mam Na Twarzy Krew I Tym Razem Nie Jest Sztuczna,162730,5dvHrHBpcV8v1V5h9G4Oeg
18vIGGupRFoboQp2DuJJAG,Fitness,191760,1oqPPWcLU26xz4t12L10fM
2Y1Nd54Jrgciu2HtpP5ymM,Impreza,165783,0bcU5z54MAzxqmgBGr2vnP
6M399qo2yoIDnoOOQMbaZR,Invisible dress - Maro Music x Skytech Remix / Short Edit,147000,56EF56plj0lM0YZBCSP6Do
4a3fip00VzmP4cEr6exdvv,Janusz Walczuk,169232,5ay92YxBkUyaJYRtK3yTyR
7eBYMVok43QesT0KnuIkjn,BUBBLETEA,284000,759DXZci5lU5Lx0eXVMjVK
2qX1iJIRJDlVsBQbQkz6L0,Billy Kid,180531,5qxbLd2F2WxiDXw12aqrdg
2wMo0pUpFklPf5x47ZUR8I,Dwutakt,144000,1vJj0wEFs5A60TTXWyXgdl
79PexJOYIrfKZhwV6J3pUG,Kinol,192764,1loTLeg3yiHZcX4MydtOx3
0xwpK0H2aL5YxREvcNw4Pe,Szampan,200086,57y8HhpAZJ7SkeetSXvTya
7L5gakQGivisTEWdKkUrZg,Bratan,169714,3uZf1NihutNa85Hr8oST2q
1NKUIcXPJE9LSQLzTo38Kg,TOA$T /,171826,32voLjYZbp9m86l0MoSO1J
3qivRyvKMWAznXNQZqEhsm,Oh No!,179902,5r3bFP9SKeevfz7zEz77La
6mavodtF2h0nSQ0lKxyew9,To Ja,207080,2YQsUqJR2xWdhcRUMsnhAO
7jP1BjqK9Qkbmk4rq3Vjdy,Nad ranem,210357,6TnuWfb89ESa7cesDYwM5s
6O7znyZyyqRaovT8eLYmCh,Oczko w głowie,176196,5UIDP3PjvYxT9nHMthYyg1
3xlk3SVStmEGEWx5FtqpkW,Melodia,183339,57y8HhpAZJ7SkeetSXvTya
0vIdj6ZxZrHhHjkbsLHap8,Polskie Tango,183253,2G3CkSXcjskvCFkvsbEVNp
3GJW3WLsbqcP0HAFlIvzAC,Kapitan,147428,5OBuCNSrgVHvcvvWSPgN1i
1wyTNz8p5Oud26977VOfiy,Tylko Ty,190567,78ESvUIBCA0DDEVuUJxUVk
0vPVqOKo8LWVganQgBZS5y,Schodki,235773,2XEybHzEROxx8nLUOrtSbL
43qQhFkhKfHIB3I9gRXiJN,Gila,196702,02dOQaVQieNeAfpIZVBRaL
40xKUqawGB6TCTMgKDAIiG,Semalam,220634,76LI8ZhtdPpfDeM8ld7F0W
7ymW0G0fwclFDcik2TnUKP,Mimpi,243839,5H4dZtWgENGHe43E4nnysF
7n5nvulc1oW1ErpeTrNezI,Mungkin Hari Ini Esok Atau Nanti,230883,5b4SezUzb7AZedcatFbgcC
6uwnCniz3o97vni5DCMXdT,Purnama,203512,1sAkKaGmjFRmkb4kdZfeBb
72ZUblBPFcN7FILPbCtoR5,Gundah,243797,2eRV6ZifNQsPPvxtZwcifo
7B3z0ySL9Rr0XvZEAjWZzM,Sofia,188386,4kkVGtCqE2NiAKosri9Rnd
7GkU7gkhmocy1lVFSkoi95,Teman,209166,4ydV32tGOIjWIfNXMSapz4
4HBZA5flZLE435QTztThqH,Stuck with U (with Justin Bieber),228482,5mUdh6YWnUvf0MfklEk1oi
4XIs2mOTfd5pzTw5zlCbJc,Pulang,260000,0dFuagEe4bOXBkIIs9mNW3
2J4DpqJCIuuM9WjtWHbjvd,Grey,277694,0cVSrL39wn0PkBm9PFf6G2
1baHxgYktT8eDdmtTozJF9,Enjoy Enjaami,279500,3nfV4cQnlyNETxtXfKr3IT
5xwjEzvJ2OSdnHlzusKNYA,CHIMBITA,156533,4EzWlTDdNOPHfMZZmqHOxr
58sCyRSFBV0m60kbV9rtp9,Las Locuras Mías,222043,0PE6hxgSMyjrsiN0MktJpL
5RAIMjdrCEjpjaR5tBATXU,Aloha,241659,7F8Usvm4Vj3XlRztSBRfEH
2lCkncy6bIB0LTMT7kvrD1,Azul,205933,2mX8ktJoWvyidWBU9U8Jis
26QApq0cuO9brJigr0C0W4,HACIENDO QUE ME AMAS,217768,2d9BCZeAAhiZWPpbX9aPCW
5rexOvEwNWcOsa2OKPXpRC,Wawa (feat. B.O.C),211578,0yvKiAxti5yd16tJt4FeAU
696pTNllVLM7EK9wMIuYdJ,Vibes,171149,5gEz4l7cWLFnnAKHaH1az4
29s2dhQ00vpr6eTI00Kc77,MCQUEEN,137733,3xR1hy8mGx4dnWduHVY9NI
4vAReYtMpAAFK6cyTE8WkZ,Buongiorno,185143,26f4QfPDvEnpYpRVsEeI6w
1OamekRfbvahxhtMmojfbK,Nascar (Jamaika X Branco X Dree Low),167134,3rfF60caQ58JcLGbcKNndH
3ZQEA3yfMMVcZYHtjYc1S4,B.O. Bop (feat. B.O.C),193054,0yvKiAxti5yd16tJt4FeAU
5KLDajsSLvA5n2zTwKycvF,Øve Os På Hinanden,186750,4TWKMqtrWaLhZEpUVVyfY2
5x6ggDM895CRGHxS3dwRHz,Solhverv,213125,00knk068AEGY1pN5O7Y4Ax
6bGEf1NKIcpuqlo4BfLy7V,Stjernerne,201797,4JS69UxvpMFy6pemPtY6Dx
6WELXrF1hsdUZEcasR1DGG,Kærlighedssangen,153707,2zAj1kiG3WgHc4CLPIqv7p
51UOsHi1DotcI4708sED8s,Kamæleon,187200,4qZEDO5vWaoFkyOdz8lYo0
0qUlNrJSXzvOvSCOqVwZdc,"Sender mig til månen (feat. Kidd, TopGunn, Klumben & ELOQ)",147634,5jlaosUVan5Wr3mo0cCF1Y
3VEvsFY82950YaqNz2vvyr,What A Life,185942,2nC14FHMeJq7BMiZSfFVAp
0qA2qykpcGdVl3tiiYum4g,Blå Himmel (feat. Hans Philip),228590,3JE1v19SrHzxmZAbf8iHkZ
2oSFHZk3n4gAbPdNbCgZLQ,Lo Lo,142135,2gDXKJ5tTmEil4q77Z3mAj
7GT52p7q3ZeE97R6L8w5lU,No Evil,180401,68E2yicUkMNtfe5PWqQKRH
5qaaQp6KvkEdB2q7SKQAcJ,ErruDumEllaHvad,148942,6X1t3OqSHWM8zFEjGKHcyN
46EJP4xRtHEzOthuhDqo54,Bando Bitch,130541,4dME9nfbQfTU1zx4P8LVjn
2cawJP5YFZrCvBQQ2kBZAH,Den Dejligste Boy,203497,4z0LVLXsxgNf7LaDklX5u7
7pnQ23WgZca9jEfMts9qsR,Latest Trends,158117,0vkahJN8SNXT05PgGc46nu
0siYMEsGrzzzlWLXK5zJfS,BED,178087,36tML2tWjDrbLW4FgrX17U
4I5bvu2KDsrCg0EWHIcvul,Don't Play,188580,707Yo7tTEf4TYZVIVde1uM
0UCKUJU94sx8XBQnaNsRkB,Commitment Issues,150663,0aAVMtHuK9wX1mQozWvdSZ
5J5CpT6bgE6KYKk23jgp9W,Patience (feat. YUNGBLUD & Polo G),181720,5Pw9JWUXrroWXylJklvlVc
1tLV0GD0WXQ1Z8BKOQscti,6 For 6,148750,0aAVMtHuK9wX1mQozWvdSZ
055Mme9ReKK99jRFA5UJ55,Get Out My Head,204933,70mFskdJpptbrvVk9uwtAo
4vzJrkfHbCGaodPA5RY5BV,Loading,173333,0aAVMtHuK9wX1mQozWvdSZ
7htmRcPbmrY9oenatxz9UL,Latest Trends (feat. Aitch) - Remix,158000,5fPCpGOBFSbLnOlApkzJcn
44xO8889yUQHn70P73NILS,Believe Me,188260,7GJVQX2wiktNMP4QV20Y3E
76Tuo484SLohJakHLnGI3B,Sweet Melody,213693,33a8Ha3pE7fo2o4T4xLabF
3Iba59sFmGhQ4kbCY5L8AX,Little Bit of Love,226268,19ftohYqQetn7BoGQXXlSd
003vvx7Niy0yvhvHt4a68B,Mr. Brightside,222973,4piJq7R3gjUOxnYs6lDCTg
5jvhTc0g18kwYQNUJM5C4e,Makina,211016,3IBcauSj5M2A6lTeffJzdv
10n66m41IGjA2ZulKPK7Ew,Seni Dert Etmeler,188500,6fpzQNhureiJ6bOS2g2gYj
7ng3MkDXpSUVFQEhN6vtqG,Kusura Bakma,155500,2wQTy5lZxRCArc6UScs8zt
3XeMdSHi48X0XsDHckDhIM,ıslak kum,186721,3EYBLj3sg0egpnL9Dhwmdh
72t3CRd8YEFrlc3x0OVaob,Umrumda Değil,185458,3IBcauSj5M2A6lTeffJzdv
4a1WLOoydq7u011UG9jjC9,Krvn,171880,3IBcauSj5M2A6lTeffJzdv
3kMcV1es4HbWcWBhcteJ8Z,Dumanı Pasla,132762,2ECbsBHlISVQnCcl5o2qqj
4jq1WK3fiUU2SOhZ0iaMP1,Gece Gündüz,182400,1SjloVgg3bj1Khi6l8U1ls
1pgSJ8yNeLCqyrCeix7caQ,Seni Öptüğüm Sokak,184999,0aYfI5FrEXS53cNYSETq9R
7LGuxwQ3PzCxtinavcMlew,Uzaklara Savrulalım,213815,2AtLcEL3VMjW75OSUMDUGK
6XbuJHhqugUVdJbTdshUEL,Melek,154923,2ARaqMe0AxH8vfYSNMCxJF
2EiDxAtcTF4vHAr95ztZwU,Hepsi Geçiyor,189672,6272MuSjfOJ3dbSOkb68Is
5KvWAPJDBNXzy5l1bywB7x,B.S.G.,130739,5uNcIKJl8eyNoVoqqT5744
4KhTyJ1cJeHaY4ZS2u3e6A,Dünyadan Uzak,247242,1PExAwetChNI0MiLcDnBuX
4WixufiyHUgg1jFqkYop2K,Bir Sebebi Var,210374,1TOYbjUU1GF3KTbb6JZj1i
7zrezWXOFZQt6c85kBrxW3,Yazık,180000,3oeUiunQS0PUoC905GoL0w
350aUOZhGtTOK1dQbQFKNc,Allah’ından Bul,181074,7kvSA869nORwy8uzrHxUko
3UtxLgkmTZZkPr6scOEglC,Uzak Ol,177502,690HvmsEBKLv5gsKdoZdVi
2qmdgQun2BbLmIRsQsedER,İSTANBUL,221889,5YO5YKavkoBZDA5tTZbsm7
2xIC5DmTHaGBL83a9OUXM4,Senin Yüzünden,173250,7cpuTKGXRpW2SiaNTok32Y
5G5CKxNBvl6FRqNdVnmJUC,Peşimde,176170,5FAaYhLsDUf4zlwd2kWcHm
3HEfzQob3O16TIDMPC8PTx,Dua,178640,6fHpLB45cLhowUDf1nHWkY
5TOgswBE98S73QjS9KniDY,Slam Dunk,150401,6NOURB7hlH2oPn20dEuToG
68DrWFjKkrn2W3mkIRP3bc,Mesafe,301960,1bp7hCG7HxaJ0kUjD3eykN
4D36ZNHfLE3joglWbDLn5X,Ah Ellerim Kırılaydı,180000,3MRK2TWYUJkpNZM8LmTIN5
6oSiqvaLNJk8PWF9G7jGh8,Kahrettim,186172,2NAz0dyteIeluVwHLaGG1b
3aXTeIVnDvo2MT1xLTdGK3,Unutulacak Dünler,295637,730v11m4FWgDUnl9Gte19s
0RH1ZApXTLZmEexGJaBUX2,Dünyadan Uzak,218387,0JRcce7QqtrjftOdQglfyC
4LW7pZxqjg9y3W1k3tHCJv,Beni Kendinden Kurtar,206434,14ki3G4oAEmURHV6ic5PV3
5hOHq0l62utc2aP7YSso2Y,Olsun,267559,5tPIe2OATNfHB4Bk6Vl7iN
1vLkBVAy8ZWrqcQjYTPP3a,Uzunlar - V1,282352,39fSB986BtwaS4x5vXbiuo
1m5zdKxtqhzg3S4WdiHJeo,Glock,134595,7Dsuv4908ZXkROMTvaxj0R
5jSjin6KJMH6WT68YnE7bW,Yıldızlara Bak,240533,5UkfRBKjeHnppOGTHX7uJ4
5NPg92vbjaGk4q9mh7MMEM,Kül,294532,1cwzjSTuLXEf2L0XcutndQ
4PpYi6USHlY7OhOcDASnD3,Davetiye,223608,3IBcauSj5M2A6lTeffJzdv
087cds8zjbUmokjg2jdMOp,Bırakma Kendini,240626,2kj7ndfLwEJgeNFn9kL3jP
4Mn7EwPnxAAV2xLenSfsAE,M.I.Ş,155697,6nGA9m1C2KHecw2P7d05fg
2ReOPzZ5eaKbZjLhlMjxDT,Öptüm Nefesinden,166906,4IA9Ll6okj08r4WOYbudhz
5TkQatzJqKafPgHQerZ0dL,Gecenin Içine Gir,200000,3IBcauSj5M2A6lTeffJzdv
5WT3ohLdg04eUy9Bz2sRsi,Zemin,176800,3GhtXj3VtpblJcDThh0m49
5DJEXxOutnFD5GEUVk88yE,Kazılı Kuyum,208628,4L3KecBdi6B1G1xX2F4xZT
6VIGABEcC3uzw0Bque9ux5,Sallan,195439,5e2E1Cjig88oI1F68VpAeh
2SNvFw3DuQxfeReepENclp,Ver O Zaman Gömleklerimi,206516,5seaQjemArLZNtrNQptJF9
3QWpTf2VIdELYUUiKJAXlI,Ben Gibi Bakmaz,211072,6IU59t2Ujxo6PfliB9y3kQ
2OzcQ5gL1VNcOe7FkmE2St,Kalbinde Birileri Var,197702,36shsPwwyEGag6nj0ScNIq
6IW5ocUH5DRWagxkLTlbUS,Nedenini Sorma,243205,3IBcauSj5M2A6lTeffJzdv
1h1JMmAzXR6lWJ7KnJQkU7,Borboletas,204281,1i51I1eMbdhkaH8AShzWjh
3bUDPTCStUeLcUgXgvepQh,inesquecível,186519,5RHIQCMEB79XCLtwbaAZh2
2dWbucCC3cVXQWi6JaL7js,Imagina,223100,2C1S5oONnsIYEgvaNf1KWh
5QU2pHpvyaiTZ0E7cJYlq3,Te Amo,258223,50sUY8OGdS8EIaaisUzGQS
0WmSoWksyfhCME62WhkP2U,Romance de Cinema,235862,6AyRf8Z2gkBsZBKmvnoWM2
5TqGewrmzgeb21FYQC7mJZ,Tsunami,297737,27Gt5wAgEVjatU36I1ogDf
5x2NQmYWyqExdyyXjNIWh3,Fica,260571,1pOpD6cFStho3wbAcx6Npr
20cn2KYYgyuxXRC3WynYZn,São Paulo,233247,199XPsDPVUoBXzfHlhl6b7
20BVQh0gMBhzcBpeCRi97F,Lisabona,192976,3xaElN6GIqBAmlNFrJGgHN
4E7BWWaFUfafkyU8JOniFx,Perseus,214654,4ZgWBr16niSFDwCIiJ4iBk
6lElXo5x9oyqvIUcG7gP7d,300,257146,4ZgWBr16niSFDwCIiJ4iBk
5nDC64IJvxLWzBCQCfFuIw,O Pai Ta On,165714,5eCoVgh67wjnAwYzSgMtPh
3x3vUHznzPNEbXTJBUkhZb,Tinoni,152000,5gBDraKQzQb4A7rEjzACEJ
5UJIchMHQvPgr244MecVzO,Bem-Disposto,215049,5KaMoXkO7EBNbStRnCvRFF
5ZVoLA2YyuhP4JUUM3q72J,Tequila - A COLORS SHOW,199376,0xe60KzRri1uvxoVSYm1GT
4jqFmO5Jtbyu0Y1esuO2n0,Faço a Minha,230772,4ZgWBr16niSFDwCIiJ4iBk
65sTVVVMDnczku5Gt2PTmt,Rozdělený světy,211891,1GYwv5rK5Bs1CemsKiXEBj
0aJwgjOHTpyw0hw4nXl3Xd,Nemám Strach,224262,3AGve0PK7Yp3bmoGEX68Rt
35nvMkQglkoeydD81a0b77,Rodinnej Typ,175448,2b3VHocNH0l8kU0N1PkYi7
5efRbEnxrNDKEql0u8Ligh,I PŘES TO VŠECHNO,205000,4sZ1939f9zP9OYtpffb4pS
2ePtv8MlBO9nuuXABqAfEX,SugarCrash!,80080,064pDjy5L2sQn0XLJj2wWx
23Eonfmg2iwhn0NSbPOqjf,Šílený,144000,19y5iJp6Tl4sOgBGvgQsr2
4gqH5pgWqzKMo0v4vcoVmX,pápá (feat. Ben Cristovao & STEIN27),149558,1a2uMG8Taeaxe9sHTZqUTd
2687fXBlOk6u6fiwLJ4E1l,Až na měsíc,208695,1QKupc7QPkV0aDtHOAIGdm
5PJNHy1xww2n6VdwonZBOB,Je Mi Fajn,180731,6pldChmzx9mD48KP0jAOC7
0twbASvGKPDvbWviKZcpyy,Svaz ceskych bohemu,256720,51cRAfvSPuvSkNwZvrpxfb
0E92CGQj3E7REEC9TWqYze,Rolls,206197,7rK33Ae8DE1Hb4PLItVTvo
3fBpzO81OXrmZPKL0KG8LF,BodyBag,175714,2b3VHocNH0l8kU0N1PkYi7
4iTXkX6gxdAgB03WlFcu4N,Hlavy na hlavy,198400,2COxM3klOpP3G2uLt0SEeh
05ApNVIBssPKqyyKiydA6D,Plastic,195164,1GYwv5rK5Bs1CemsKiXEBj
3H7ihDc1dqLriiWXwsc2po,Breaking Me,166793,3nBQlhUvErkw8DVpF47WAn
6qgMr9LacgnihY9IdYriMP,Síla Starejch Vín,174666,5rRNoU2JbxfgQ7SOdHxKUl
24uwSyNSroMsm845cJXfWG,Malá Biš,121967,5jUjoTcpuIK7uAHOaCipVb
5mZB7xVhF6kfprZntquCVy,Pumpa,155320,3pWw4X7kNtVpnDLPQ5zKls
1rgnBhdG2JDFTbYkYRZAku,Dance Monkey,209754,31IDBea3eEs57a0joX6TjN
6wQufshN8RwGazPyDQ0WXM,Si Es Trucho Es Trucho,337841,0fudaOv4OlQqIUH3uQ6IM7
2tFwfmceQa1Y6nRPhYbEtC,CÓMO SE SIENTE - Remix,227520,0VLl6NV05DjwNE2lZFdCEI
05lNOE0iWEcHRFD2lZuZZE,Nataly,268385,6W7bZasbZp7kAaIq1ghie8
55hvx2D6b0xar5U66kl4MG,Caso Bugatti,197540,42TnzSeAzEeda2PPMs4U63
73O30uMI7n6DuzBmbtO7kC,Antes,206586,28adqly9V7wm5DFr7hlqtK
2VCqHhpgat5QoYOB9chpt1,No Hago Coro,215720,1gv9SA6kIm1rAG2oa1fojy
1wkfytfHLwJknHpMJZMlxk,Mi Contacto,216060,4B3c8ImmLtG9dGbYQdmiw8
0oBE11LSGSaccEBtk4lJEe,Teteo - Remix,203098,3Nv39yge8SS2T8ZkdaVsFc
3LqhDUTrzOxYrGw5nEEAwr,Tiguere,213641,1jHkDImQbWVY9sJPDnwHJo
0lCHRVlRZCEyLj3Gkc1nv1,Singapur (Remix),287787,14aKCMITcHqD5xYDwhng5z
0EaBXOqo6TNIIhHctCbQPi,Tukuntaso,197763,1YffA4MCsDxDIPCDwnzAcZ
3F5OoUJSVVC1f5PwOxcx0N,RD,198386,28adqly9V7wm5DFr7hlqtK
6bvfJf4KjonPMuPfGfy3S2,La Jeepeta - Remix,345240,1BBjdKgGAqwdEvcvqBOGfT
57Ba26w9eoXx8BBUNgRNLV,La Forma en Que Me Miras,307435,2WA4eZXER4ZLTBftVKvrnO
4R8BJggjosTswLxtkw8V7P,No Me Conoce - Remix,309120,1V9QpD8kjA2iHCElhFGvlo
7IoTZnck9r11NCj5M0QG81,Universum,191324,3igg9tMZizWeYkjA3xE5Iu
1Ae5AcTlKsTEpksomr4oDK,Magus melanhoolia,134709,0kLBmUZLJ7bxHTQfTpjRRg
6vzXc5nsa0JTMfAtWrZkIN,Tee mis sa tahad,208055,6rjUM8Dxw6nm9Sg0LCBirq
06HOLlh8Sh5jHptg37zMSz,Doomino,199793,66FX3WsFp1vhFbW9C2pfEZ
5VEZQNZWsZaKb1Y2jB8SWJ,Paraadna,171810,7reljBD6EMySEyDG74r2bQ
5f8CcmWeRg5KzHSPNu9XPx,Wingman,151200,4gcKZNSYw5o8dc8YANJDtk
3TKhfQOOHtA7QNtoju4cXn,Tamburiin,223057,7reljBD6EMySEyDG74r2bQ
0rWtmMYqgd9pqRvqKf5bYw,loodus ja hobused,252994,1a2TVr84QDcsTGF4EvrVxK
2NnJpRXIlx35Vij3bPZO0h,DAYWALKER! (feat. CORPSE),137746,2y8j3djW8ZswvAbEcPBBti
3s8MM2twymVva7oi9EP5GX,Peo lõpp,216773,2j1o0dpcGUxuqKCymxBhMQ
2xtLPeeUmIzM1hFw2qeH4U,Aluspükse,210000,3pJrxBKVSotXG1f0LOyBLo
4Lz2u7kw16ATv0iKQhQ92f,Kuulsaks,185092,3vjZwaXDztZJgRQvKSUbMk
2Lhdl74nwwVGOE2Gv35QuK,Cupid's Chokehold / Breakfast in America,243773,4Ug3M4a8wAEebndVIF65fX
1AWlHjLlyhES65AFbPr1cl,Tahmanägu,196135,3vjZwaXDztZJgRQvKSUbMk
6e8woXAZJO7CNxahQ35dQR,soolane värska,176000,5xSeFkbdeaNe2wRm3A3POi
75b2fc9BE2c3JnVAmh6VZK,soomaa,188532,6lMWmXAMRgLQ0iXlaEx9yb
12Kknh5NqqAukiyevjDQkT,ТЫ ГОРИШЬ КАК ОГОНЬ,139534,2KeNL92nQTFuhI9L0eHpPS
6HtFG40G9snJdzfSCQFnqJ,avokaado (leidsin ta),216720,3vjZwaXDztZJgRQvKSUbMk
3smz3AIUQuXZGHri0m2xHu,1-2,183346,7reljBD6EMySEyDG74r2bQ
2kS6td1yvmpNgZTt1q5pQq,Hayloft,181680,0X7S0TEZ5NJsSxmyTnfYi2
5g5GOBG3mTODUxegwjK4VL,Ring,221538,3AOLS2URlI0nyp6v6I9XS3
6tGl1mj5CyoB1hUtOKyhkQ,Voodoo,190941,0YjJuXJlkF0Al7355W6BXU
1vBxWdcP9a25Zv7dbsTN9M,Credit,193648,6qdnpra7gFwxZWcas3QiTA
6zFIf7W0pKa9HO50dw5E8u,DEMODE,246323,7aFsEiPU5uJPM4KcM1Skt6
54EXZcuRYIFW75Y5Bxenxt,Davay,148965,4ImFxuj7uxPzj91eEYPHfQ
06Rn9dPc1lxouC62whG3l6,Criminale,138000,3JfZ9cHDkk1db60W6A6Aob
0Az2D1ByNU09je0ZtzDcHm,XILIOMETRA,247200,2gFaNxStuphvpezGodu4aD
7sqV5wrcZH0B4q8X9uHKFJ,CARLOS TEVEZ,268137,7kdCFhlocESWDQFecZ9wny
5tdAToNfTBrzl0CouCqepZ,Napoli,168510,2B1rR1kR6GZEgaA3yT2lJr
0Vo6x7xCIqQlnm2XbLZ6mF,Gymni,173100,0YjJuXJlkF0Al7355W6BXU
7eZxh83S9spEfb3gAIcZZW,Solfege,203170,4g821NkcXctmx1GZgYnMsq
6m9mAgw4rMkGUkHuSAFdDB,KHFISOS,197441,2tldLLaOIfgj8wiUZLAKgV
4M8I7zcnQYsGH5thn1J0sC,Prince,301714,12fMkjJiORq3h1JVJAdtOc
5008Rz0J8beglZBqnvSUCn,Street Values,141428,1HNY1yTayyqeyLWBPV7dir
1JaBJC3gj7jSsNxsnYTzhj,Elpida,216158,2ceBhmjSZM70fotWrLnsUV
0VU7tVsFwlKpvZn6ZLmao5,Iptamena Stileta,266846,1EGb6YdddYRERk0zZrn3ft
1VYv1xH7yUl0b43UVR6yA9,ELA PARTO,209552,7kdCFhlocESWDQFecZ9wny
4Bzee1IYWlqVHKdksLjGeo,Morocco,191996,3DWIJ5FiBmyb1jBSPHFjbT
0LgIHffVhGleMeHORs7dUl,Lockdown,225000,6IAu5JDi3qSGPOfAgPP3cN
7AZ8APzmxt0McQXnEXBq44,City Don't Love Me,224854,0YjJuXJlkF0Al7355W6BXU
3F8ZuhmuIIIYkks2cqBiXZ,Hoodstars,196000,1otLh4p5S40sz9rOD4B7QX
2GOnF9OwX7CSCHzinCr3VY,Neymar,211384,0YjJuXJlkF0Al7355W6BXU
3tEIOasqpy7ghhcu5ueqGp,Den Eisai Edo,176457,2uSNpOoE7fQ1mhy08YT4h4
4iWDvVZZgRVgVnTtHOkHXp,Ligi,154769,0YjJuXJlkF0Al7355W6BXU
4UuBQ99c4tWPPsHYOwfVNg,Ekso Apo To Parathiro Seirines,265846,1EGb6YdddYRERk0zZrn3ft
63EAiTyIoMDs4YpxAQyOHd,Xathika Sto Souroupo Tou Thronou Sou,320403,1EGb6YdddYRERk0zZrn3ft
1gK70fcr4UnSDmP7KXtH0F,Apatewn,293142,69WsIiBINGuXODn7zzmk0u
01Y0KGT7VzixtLyOj44x56,Millionaire,155293,6y1IrK4qfYlztsk6qvGnra
3xESR3mhjnxZETiVKbdXhI,Cascadeur,304551,15My4RUkcR0XUYFscGbXHB
4Fm245UeLvLw0DmDashgnw,Nomizo Pathate Zimia,280615,1EGb6YdddYRERk0zZrn3ft
2bOecD7P44uS2bbd7EBfYB,Me Logo Vasiko Na Zo,263132,1EGb6YdddYRERk0zZrn3ft
4lRQP4PC7ZHQnkPuq8N52N,Bosses,224000,7l81rRLV1MOes82mBuz71E
3sDM5Gru9kHWuyWPnQVRwo,MPERKETI,178333,7kdCFhlocESWDQFecZ9wny
6CG4hzdavLVJYrLq8MfH7i,Man Down,219424,6SaiSfMdWrFV9d5rbo3Tp5
73d7q3kVVIgfCUK07bVIVH,Etsi,148106,08RD51cNQQmrnMqZzkDQlT
1R5MdJm6JiHXjJPxUJ9w4F,Kai Irthe Pali,409407,1EGb6YdddYRERk0zZrn3ft
1ObRO6vf0rLZJ57iT2Y3df,Fimi,202352,0BI7ftzriehdJ5tm1ftFze
69vlMrzHwATKzupwNcUPyK,La Santa,206420,5lJqux7orBlA1QzyiBGti1
41wtwzCZkXwpnakmwJ239F,Si Veo a Tu Mamá,170971,5lJqux7orBlA1QzyiBGti1
35wvL50xvKpCHEJPxLOLPI,Si Estuviésemos Juntos,169247,7CjJb2mikwAWA1V6kewFBF
78Jj0xPR2y4KMAtYuWpRly,Üres szívek,210793,2q4vWkcY2X0IkeBOjLPncQ
7EQq2RCCbFOR7XnN5J1vTv,RÉT,190975,2a9vtUOCvapcSy7dWrWfij
1lzJmwdvxnJdnKUcedpOWx,Cella,161432,6dggcvgiT5YjDX6CUOxTNS
7a53HqqArd4b9NF4XAmlbI,Kings & Queens,162398,26c7MmQ4w8EAvVLb4jilaM
3sUOONjFxjepoSXvKYrz5E,Lej,168800,3lKnPe0akux4j2uthibT7i
59qrUpoplZxbIZxk6X0Bm3,Take You Dancing,190306,3II80i5KpS38r0QjNzu8ly
51Of5p3lKZeOg6itfs4og4,Lovefool,190487,6UYWmM8RfG3DAKC7OyUPBT
5uWUKvPNekWal505BdKgfD,Talán,190567,7ux5EroIZ9CNUsszpPcBiw
0GsltzHgCGCiQvskZggDDj,Olyan Ő,226250,5r58X4ClpnBIvBWm2XX63f
0rHuCRM0BhYtxse5qLv0t6,Évszakok,224364,2Zm137XpHV4wUu8v7rr5mq
5PHgY9VKDWLk5YNA1bKw9f,Tavasz,196416,0b0iPWgL2wWpXMIVTIh3me
25dMOeb3nDs8BPjxrQyOjR,Mostantól,211200,5wQ2aCu6uJZBCk2Lgz1bOH
1X0AvW2wtoDeuluMYqJMdH,Háborgó mélység 2,187118,5cWMhBHjSqIhF48hmeugnk
0vrf1NID7s25S8ISHVZlQM,Budán Vagy Pesten,136742,2uXzHlJzjZQbhW2w7XzttR
55yTm9krr4hVGc1czrAMF1,Keverem,147208,4UtOgC54q90cKukeam8NbG
6lKpd6GlJzsPkXq73GnUW6,Bassi Maraj,141717,2J9T2cIXGQKn7NgaUBdfuh
7mGZklollA25HGdPh3jWeW,Ástrós (feat. BRÍET),267209,4qsUrTAEV0xpzuy3dpX6tr
4O0LQKVT6hGmVGNwizmydg,10 Years,166000,2Zegz0LaKZgwrLo5UbEa2x
5VrbuzqAjCAFSa7MpGRXWI,Spurningar (feat. Páll Óskar),239026,2alcbjUqumOccqx2VZiBIX
5wGoaKvq8Vlst7ZqKyQbvn,Ef ástin er hrein (feat. GDRN),183947,1Q6sazM3VrHFBsd9fqYIBB
5qI0p2E7BxBxYRJknYr6Gg,Rólegur Kúreki,228351,3LSoEqFvR1Z4ichisNDAJT
04ZMCgKlsRcTDrxGMKCrAx,Segðu mér,237750,3rHzlepNKBzG1EGUaSnvyr
7DRDJ5ZzU7mj7CfRxGYzOY,Esjan,254815,1Disuvfz373W1w061taAPW
55CSBM2ebqdGhLwpyZfl07,Rangur Maður,185710,5UKdYYH3NbTbnwJxd8U8er
1jnKjUwZG3X1LhqeVY09eN,Er þetta ást? - Live á RÚV,273341,4JnJBfWQaqTAE6G7GnfaFe
0IdsoEg5mjXNqlrskkzWjl,Rómeó og Júlía,297865,14PrNW59W0BVw2lIvePo5B
07pDiOE4MapRnzP6KdrRKX,Fimm,277270,3LSoEqFvR1Z4ichisNDAJT
215DAsePr8LKyzyF2sScV7,Fljúgðu burt dúfa,194853,2NfQc4SOAD5pcgO6mMhWBG
2VvV5w6oTybLoO9pcRpgTz,Hata að hafa þig ekki hér (SAMSUNG SESSJÓN),252521,7yaTbAKbYt0HNxSFVJTeeP
44APbTIWsNtA4lJivNJSQ6,Dvel ég í draumahöll,108901,0Hr58TK8oPAI33wF9f6tew
1JErDzdamBvSZQr7xaDToq,Sólblóm,261049,3LSoEqFvR1Z4ichisNDAJT
5dPMGUpSV58vMTW3CgGqTZ,Í kvöld er gigg,195422,09WWn3WuFjnSel7AEqZIqG
2ufLEVbzvEcJ3subW8jBUp,Lut Gaye,228031,2IgqTqUjGQsmahYITOCdBX
58f4twRnbZOOVUhMUpplJ4,Brown Munde,254400,1Ac8fcWoMbo35vD3B5Tjqs
2PEo8JQ48mfEv8a2HLqDvt,"Nadiyon Paar (Let the Music Play Again) (From ""Roohi"")",164045,2O5eyYEtqdbdixyQxDzCxi
1smFN2CLqGROu0J0UyvDfL,Shayad,247941,6IXfWhC7omotM4lt0ROmEr
2FCXQHugkoHE1K3tiDu8pu,"Agar Tum Saath Ho (From ""Tamasha"")",341054,5Wm1nhxZqx7i0Hp6ZBqe9T
39QJ7KkN3L8LLqQqsO85W1,Saiyaan Ji,205450,00GpnM3JCsq6rtfBHptXZa
5mnvugwfFYnJm9zuyGkgqF,"Ghalat Fehmi - From ""Superstar""",286007,33syewuvoBtDNf93eSnnwj
6Z40IRipd6pNcUULY6SXng,"Chitti (From ""Jathi Ratnalu"")",184128,3vcbeHMefvNcmt3UWddxe8
4vwPirpSJCOiIsgxMV4Xcv,Liggi,181176,1zITUizbdnwegHf2BM7faa
0vqw3BCyNr3DDVBmjD21H8,Libaas,267029,1zCJSedSGgctXkJ3HnQCfC
5O932cZmzOZGOGZz9RHx20,Khairiyat,280281,2Svje8vKEM4VCKxoRyAvA4
4hOsYVSWKWP71u3yQbcqZB,Waalian,206117,3TMR3K620scT4kBTSTMrnb
2Fv2injs4qAm8mJBGaxVKU,"Tujhe Kitna Chahne Lage (From ""Kabir Singh"")",284779,3I8PdIhk6pNm8Kv0HiF14V
1r6sFC5J0p9r3jcfIoSGDM,Taaron Ke Shehar,230082,6gPsylHkKTVVNLXRN9RLYy
3jxNbVmugKWFFc3YAVl0sD,Aabaad Barbaad,309103,6FoLUhYlbncGfVYckWTqLv
0qOnSQQF0yzuPWsXrQ9paz,Stereo Hearts (feat. Adam Levine),210960,2mumCpGmuE9iDeOvMx6XrB
0yCWDaAgOtg6TKlNCg9rwA,Tu Aake Dekhle,270000,7uftfPn8f7lwtRLUrEVRYM
2g8fA9Ijc3sAlfkQFlYxsf,"Panghat (From ""Roohi"")",179418,3orpBKdIHhQyidXmrVedcN
1orM67pmkNc4alrZkWjYkV,Naach Meri Rani,212692,5bimKHx8YBRQBsoph5sODo
0WdbnNKO0Jt4BZACSDQh44,"Ghungroo (From ""War"")",302935,1FU97iwW5a0nV7wq3Mk5DQ
2W9awzkFJzPRddvLXtCSOU,Guilty,178350,2VrJduggZoDkUsshnQbFi5
2plj6f8TqOF0YNuHd2VzJD,Bewafa Tera Masoom Chehra,242149,5u8vmQ2Y0KRf5cYMa1VwV4
0b4HHjeg2b8xLj28WWnUkM,Sira E Hou,200769,5sntArCAXtzxbVuUq5HYnF
2BcPFQ7nrtUObgAs72xaac,Vaathi Coming,228257,11YJfivZjEaEUU9lJmeidh
7zKzD5wM18bQSiJTAxTpwH,Mirchi,192923,5kiZkGMkfKm3tIlh2Tgfi5
5SYcKZYmQnHBW1LGLOi8sH,Chhor Denge,257415,14oX4JyIMaxhjb54CkfbQ9
74IQCxI4nws964fic1Q4pv,Saranga Dariya,230048,7BuoXUb63gAPM9CMOlXJw1
0ZHILXmUaVSLEOCWxPQ1ga,Makhna,183000,2HSFoyWN8n9c3f2SMceRrO
2gNMXJDKRmKWuevBGjN8wo,3:59 AM,272197,5kiZkGMkfKm3tIlh2Tgfi5
57jOEZtoLQK4zF2x55bdkp,"Tu Hi Yaar Mera (From ""Pati Patni Aur Woh"")",200991,7aJiY5GW8uSpZItQXcmeVM
6v3KW9xbzN5yKLt9YKDYA2,Señorita,190799,0xzScN8P3hQAz3BT3YYX5w
3wmI2n0Whs6kg4MT8jFRU1,Teri Aankhon Mein,261757,77dwEKk1JI2JN9L5tg8d7t
2KrrAi2smn5Fa7sy7TxrKg,Nayan,254931,73wnThE4TNKMDdPTTSBTsM
5oV5CJYCfOEvVkxswR6hrD,Jatt te Jawani,240000,6PFLPk8ZYuYa47q3B1tkhb
3pCt2wRdBDa2kCisIdHWgF,To the Bone,344571,3QUGmEDo4oijL93sKzlsR4
4kfjA6WfgKBt7I7YKuDCkU,Blue Jeans,211483,7sO28fbiEU3JbkTcY7vkZi
630DpnzdfjdVqv2yLfPbAX,Bertaut,315960,75KyCmWatZRvlMcMRed9BG
0ZEYRVISCaqz5yamWZWzaA,Melukis Senja,251119,0jLBLt7jIjOz5n3jDiL2zn
7HBW6yX8iRf81nn6NVOzHL,Putus Atau Terus,248823,1zqYuKvhLBILR5PZdyAMyW
07MW63ok3ptSKwaTWEN0o8,Weak,159375,5RzTetLXRT1w3Nbt0V0XLz
2E532ozrMbRXwuZkpoegUP,happy,173181,5WJ4BZKGCxnGEpjGF27Zdd
7iTF9T1jum3Km6H6WMZpDC,One Only,255492,7IRlD9qEXisysWi8O24EkU
4KL3FJYexPrPuMdPagHPXp,Yours,235413,01RsFGO7W7xaRM4T2p1Xdn
1tS1dRfxIV9FzqdYTbJgMn,Kenangan Manis,207937,7IRlD9qEXisysWi8O24EkU
5AkV53fo1u01mi8r22JNeF,I Just Couldn't Save You Tonight (feat. Aurélie) - Story of Kale - Original Motion Picture Soundtrack,219600,1AgPsLxdjTamc8dapjpdom
7uoFMmxln0GPXQ0AcCBXRq,Snowman,165906,2vcGYJcPfXUmCdcXXqqukg
77vx7sGjdqwdnQL968t8oY,Monolog,207216,7IRlD9qEXisysWi8O24EkU
0SeBJ2sAl8CV58kBfpd5va,Kota,198107,6kn7hqy1xP6XsYD6rSIhZW
01beCqR9wsVnwzkAJZyTqq,I Love You but I'm Letting Go,220163,7IRlD9qEXisysWi8O24EkU
1ZPVEo8RfmrEz8YAD5n6rW,Lantas,234204,17vUW6koeUkV58uYfkK6G3
012WiZSgTedjCImYNyA1bF,Katakan Saja,263053,5bCGmjVjL7LfS6el6O0Nwp
7B3zHfPqcLgV3DHcjQP2OM,Makna Cinta,205781,1JM15q9f61oK0xO7G9onVn
2wAiFWjRupWmnDkQcu91MF,Rumah Ke Rumah,277457,1DAuVHMlBvIjzWZALSUXbn
5vPO5ouEv8iedKWxzmSv7b,Lose,256001,59Y3t7Q4Vf8pw8STJ6fogW
0ZoBl7pWhdjnj4eIe9I11o,Maafkan Aku #terlanjurmencinta,224000,7HfpqObrxrN4qutlLkxTw3
0w0NpOQOYYClaTI0TFHBMF,I'm Missing You,182272,0V183a5JAKEFwnlRFzfqbQ
7c98gah3Qah9o76kgkzfrV,Bahasa Kalbu,351247,4rwf3B24qEi1QgQLz9R1nh
42si4ikg5dh732gPuQ0xHb,C.H.R.I.S.Y.E.,310812,3CVNmMgqfF8Rr3tiOqFvkH
46u5B2WN4wryYLZuMAOmI4,Hurts So Good,208728,0inJNc0fFD60UAIdFbnedW
3a0BOn9fWnTCUqWpqE71Bb,Resah Jadi Luka,290466,4dqu6kFP34VzCBQUeEdc11
5QGdWvXwXMK2Zx6eKagyue,Sudah - Story of Kale - Original Motion Picture Soundtrack,206098,6PDnmCt2aYEQF3YHaCOVHI
0b11D9D0hMOYCIMN3OKreM,Into Your Arms (feat. Ava Max),186022,0boA7GUGSxOMWwdnnTR0yI
4sCabvmZpbmfoCNcoCSKEX,Cuek,241919,1I3AMmkJVFgDKYeGkVw4IV
1xdp8tXLTGbPeUSEODP9N7,Kukira Kau Rumah,206711,23eyS24eT0cGfKVt0UTFtT
56Uibq6ur2xwUpSd9biBH1,Belum Siap Kehilangan,288333,07GSDlyuAPsCKtqTmyN80x
55GHdnqOdONST4g3dp744w,Tanpa Batas Waktu - 8D Version,256901,1y2n11eWAwjcr6ZwlE3wf3
43CHdbHYdcbUWP10UFKyZ7,Giants,177173,4VyUvPueWuM8Jnkk62gcos
2qmJ2h1UdncRMPI2DMRWvK,פסקול חיי,195500,5dMa0I7cyLtXLn47oxGpph
7v63pRo1RXcYzrCxaMkGc5,יהלומים - BLING BLING,185547,3P8ZbT26YFY9rS0bKbS3Ed
7kJ3RSCzrosxxkNgJtQ53v,גדל לי קצת זקן,197499,347aXzYbHwsLtqyMX99CZO
4L4dPjtEVEpZ0ER2deHAJA,רוצה שלום,208681,3TsFkrLXnknyMa3GegwMOR
74pfNNxGlwSyokwtqxHcDa,שקיעות אדומות,212963,4xfBD4GDwXMPHczd2pts2j
4qAHhdpiGcbzqwjqmwuXwj,רסיסים,201190,1VJTRr2sjWAUBN5vcfci6T
66iaD8MCoVnBtqUhuzdglT,בית משוגעים,169848,569icpNOeFw5zZDePlrwJR
3ygLMqx3CNVJmQAnriDDh2,באור גדול,190500,2lSY8HWMbaVcB5SPpP5zd2
72W6xVQGdKHQl348KYgwg2,שלמים,221024,5rnmY7Z9ADlfFDiaCmvGKo
3BRlBgX59CKqOa8PXI41qQ,אם תרצי,176000,2ujav1l9MDJ0IdJ1HJ9Y8B
1miFtZ1QgGhVpVxbL76Y9g,תל אביב זה אני ואת,221235,6lJ9pg55PjM6yYcX4a78JA
7vn9SIc4NraLuIMzUeCK2o,שרק תחייך,196824,07tEZylbG1KjXkvzsRnLqb
6sADtPKtORAMZP3GQhOsHv,סיבת הסיבות,199710,7ASExNRuCOLSdRhZukGhl3
20rg6HNd837eX34TA5tEVf,יהלום - Prod. By Triangle,162091,5y4rSQJbmDFsIoTCvT6vey
3qWDOGP2SBMLQ3nzMIkNbz,שני ילדים בעולם,186263,0LtCEsb3XEhynpgFLiWcLV
7LegYLbISvXJFtAr4xDljO,על מה בנות חושבות בלילה,194000,462wpJ2OhZmO2cdcgcwpyq
6wp8MFCXy2U6hAoLGnlxJn,מסיבה,202171,0605dh7Wm1z9kZuTwnurMJ
5bfyO9R6raJctlhVpXzPG4,חיים מאושרים,203947,2FtWmySJ08u2O3lA6Xbm9C
7IGkkk83NInOaTmLALMP7L,חתולים,218370,6SSW04Xf7QMwtQSvaVUYjx
3Q1bZ5hE0mOKSyTN96deya,מה שנפל מהידיים,181764,5dMa0I7cyLtXLn47oxGpph
4NJbK9op9ixBJVOXEwNK4R,ביחד,151968,5oC80Ft440Tc0cyRRefKsi
1inqeo4qN7t9nSPiwZtR82,מה אתה רוצה,146086,1tpJxzwq6ElBS8cKXe61nW
2TE9K4A2YjHxkw7Um4Mudu,כשאת הולכת,210666,5dMa0I7cyLtXLn47oxGpph
6WBr8kINUWO14iuQSjgNI0,אין אותי יותר,169809,3G61OcEbQU2hBLF0XPvP3v
67dg9xeMIRXjcQbmbWtBFW,אלוף העולם,215625,20TdSSpRgmPWOLszkEDqvh
0bqwsQAkGaO0jzfzgI5iLV,Anxious,176773,7zdqBNL7UW6ez29rMY0NJ0
4Ow0gCGxYfOcyiCuZOt9mp,שבוע טוב,151442,6YSSGpUdgORmCEZ6vXTjZW
7606oAr5GqreqTOdIX3uGB,נשמה שלי,220053,7mcMJqFvvNACMp6Zpy0dQQ
21qCzrANOK7gB0KPoNE1zP,סיבובים,185400,2XvWTVqWWjPXnkAjeH19pK
1B6qAMPiD7sv3WNI90ELMz,אור הירח,208200,3pWGjr7mI83VwbBvYhzuhT
2WBNUsV0WH7Cmjr71viWfC,מסע,207228,4SasepGB65iZK6zcUGAo2Q
2B2tINzI2NSCEixQWlQBIK,אמן על הילדים,218125,1aunilqcKX1Et41twlZHaD
7a8B2vmOcJ6btFlBGl2IX9,ואז את תראי,195997,4oU9sPRsWWZxhju9x2hFJM
3euOYOxxCEp64tlfgylOxO,מיליונרים,167195,5dMa0I7cyLtXLn47oxGpph
52n4gF126eIllrGuc9Zus6,לשוב הביתה,197481,6wqHpH5HDBbGleU9BnjFS9
18t2lAzaHW2bJomYeyzrpy,Снова я напиваюсь,116999,6ZvkKnWbtbw0SEh4twRUHr
4KfmruShP5zOi9hYjM76e6,Cristal & МОЁТ,137142,6PP0Ir5XTp5gksiloHJP6P
4KrhaZm4JRkNO4HRdLvJIG,Моя голова винтом (My head is spinning like a screw),140000,3MLrnG2xgu1CIONcpoFHfO
5E30LdtzQTGqRvNd7l6kG5,Daddy Issues,260173,18iFxjZugvKhuNNMbLjZJF
1FqmwkFnvYjX9ss46J426T,Draugs mans,128824,3PaXhBtlOqrDvGmhIAqd3v
2AxEUdsrmwEklnwAbZ53QE,FAMILY,131632,2tlO69ULSH16UXobSx6gd9
2h9pSMHx48Q4SOWsvEiah5,The Moon Is Rising - Original,180000,7FHNsh3k6I1e2GDtJww2Rb
5YooS9GIteTPkXqntp6cns,Лилии,198676,780NYW1JRweIAZub0i7cj5
54bFM56PmE4YLRnqpW6Tha,Therefore I Am,174321,5G58VVE9ub1KE01Mvbd8XM
6qWaZ2KzYhyrv1ILuAcIIv,Cadillac,177608,58zFT1zVFpSaZkbFZ97Hj3
62vpWI1CHwFy7tMIcSStl8,No Role Modelz,292986,7viNUmZZ8ztn2UB4XB3jIL
2vuRLuYUWwwQgQtg1TzkKj,Быстро,116108,41uurV69BIoO6FwaRdXkWo
3MPFuEXwjdrR7yKua2wrUL,Окей,159907,1KsuSiQ4DEko9W4sQBzYy0
0Fl4PBfIwC5G1IQAF1luUm,501,127592,5MdGB34tCSO0HoZINzaX0Y
7BRKEcW05hOZMJ3bKOOzQl,Blijven Slapen,170991,43TZEM7ygBER2J582OdGWX
3aViSiRTiK1e5OqJtUk3MS,Goud,202943,4BqgPdobyinht8gNWxcVE2
3yraHvsUkmnJjGhOrx1CSg,Als Ik Je Weer Zie,207733,5m1URbxyOpdcKwbvexXPdI
7kqftRMUoBeeyb4ZkAKPiA,NIKE TECH,230177,179jVEB0wZGEX6MThWhR2L
1CwhKXOiL4vyUcNYqo3dVF,Geen Hype,188780,0n3cR6iSVZ5AFwVrC58dnJ
0XwSUpdrF7nR7hVxbDs7mb,Floating Through Space,177800,7nA0EdSRuxzUqkA7kMSer7
2EgnCPvbhL5suzKQIUoULA,Een Moment,275676,5fOsdexHLXJfJguRdTbFrd
3upYG0cy9J2QhyV4GgV37x,Ven Ven,150762,4SzujG2DgIY5wfFOtQFdEx
4d2NiGtCaVrMihMfarLE8o,In De Schuur,181731,43TZEM7ygBER2J582OdGWX
7ytBShb0bkPe6HcJtMgzQx,Maandag,187553,5b7fMHNr6swGnrLALMNrrr
4ga4WvRNhMsIL38pkBbnIN,Pressure (feat. Tove Lo),144391,5s55A56E4N7390TTEUzwKN
1z2HAz6JcwfGHKMSgKEA3D,Roller Coaster,269986,5GavylsuNH6w0nfggBDuKa
3h7NZT1CATbn4GqUs51vwf,Door De Wind,170277,6g8ZS309YWXN7pUzfBQYhB
4TZviWQs1JqGS03Mja0bNB,Dragon Roll,156631,5b7fMHNr6swGnrLALMNrrr
0vWUhCPxpJOJR5urYbZypB,Hypnotized,195657,3i75dx8ORmKhhdwKLyZHqM
4afGO0WTInDhK2C3dolz8z,De Overkant,167848,0OcpWYf5TSY8G3GVnYXjip
0GzuHFG4Ql6DoyxFRnIk3F,Hawái - Remix,200481,1Ag9EPbzibwzz0S0WpgX3v
2yI8xyHgyhCXyw0Vq98twb,All She Wrote,197865,6WBCnJWvVockOvzanIULFH
3TaGtHDHWQ7TfPpX0eJrtB,Why Oh Why,290160,6PPhLgXiq4nEiZ8x2ZB3xV
2Tf3a4gkBbrN2UbMNbwtdQ,Not My Neighbour,233746,4G8k52RLbQaIgx7tjIWhY7
4d2tgzpNhQO8HIxC4YLnBe,In The Air,252144,4l0RPtHWcpC6etordRrrlr
2DkxWMmdvS3f5hbz4UGQLO,Controller,275080,0mjmpOTgR8UaqUSNjCL9Aq
4WEAdAPGiyI6LIMlHGfhdZ,Sundown,177123,7MenxXNX8NaBCcQtu40ccR
1tkkNjRgaKPO9OnE3jC6UP,Help Me Out,135918,4fMTRTIYsVXfNWlaWmLpSK
57fS5tDkIIsEhoBb8IcYF1,Fade Away,211657,2jdAHhRq48eYOmQSpxFzdl
0gCNs3jCCDhObAK0MRghtv,Catching Feelings (feat. SIX60),218854,5gdsguQxwQQlpTi1SU3tbY
4PFAQAuJ9dEgamYO88Zp9P,Long Gone,178079,7MenxXNX8NaBCcQtu40ccR
0uP06c5w0SBKgIon8VkdPo,Firefly (with Fetty Wap & AACACIA),172102,3Ut4sIvcZpt42175KU5Tmj
5mUiad5pDU1wFvIbtKgJKB,Don’t Forget Your Roots,232520,2y5lgKfEm5B1pi8qrifGD5
2OmbLtdHJn3u9haCQXODl6,The Greatest,171404,7MenxXNX8NaBCcQtu40ccR
2h9TDNEXRhcDIV3fsoEVq9,What Other People Say,194890,0VzqGKZQDQLSse6W0hgABW
7MoZgM6AsQaZw14WnKopuy,Miedito o Qué? (feat. KAROL G),209905,6TRoxZTx8HtZ2B3U7c1jVC
2ECKWYbTPpKvtnKiRiUQqC,Como Si Nada,156000,25baT12B8EsCMIjKVCztUi
6dyUkkcyYuDiHOwIRXYOJm,"3G (feat. Jon Z, Don Chezina, Chencho Corleone & Myke Towers) - Remix",366613,7mau5c15cnVkwcp79cV5LK
2etJ67Egf7woMgOikVrlJM,Travesuras,204180,6aKBvPUoqy0brM7geYXPLn
7AUhck1sPy11OExQmDDx4P,De Vuelta Pa' La Vuelta,231593,1mFvOlraT4JKt4D7aGb9tc
3JgsA3Vt8GFplHNrMK0QJU,Нет Сердца,186621,6cyFbDC72hy7WWKLoGAQE9
4KiFqaxjnmVm0gyIPIRRgH,Голодный пёс [prod. by Pretty Scream],171707,5KcyE1q8SZpu3rptRKNABC
4bcevhszFAQT7cMhT5kWY7,Эми,205560,6cyFbDC72hy7WWKLoGAQE9
6PAPPKv7XPCqPEG95UaOFa,Синий Lamborghini,142344,2Yg1IIpyfCO2YCX0l5Kv6U
2bqS0QtnXGjOYs3z6VtSyW,Контракт,204756,3OzWTanaiFd8jyfF6E9PRq
30btnOJK5BQKkTgW3NRIdd,Всему Свое Время,164608,6cyFbDC72hy7WWKLoGAQE9
065bY5WrLvI3NN9VCK0QLe,Jerk,135020,1HmWQo43Gt8BR2dylfv3o4
3HHVtWGKwhMwjUfsQGztzt,Розовое Вино 2,216324,6uaV5YjM4w4JKsJ8lmucyP
39Sk7h0oxyjkmOSEXusWeS,Бизнес,204500,0Bw59d69GL3sfPdGxyrIRk
1ngGGsWzGONyiOlxdXRDr7,+44,148000,5RKI4eixkCmtxfSwhB9RkY
1oxj67ZS68n4zQ2BsqPK8l,Silence !,162694,6cyFbDC72hy7WWKLoGAQE9
78gDp7tT1QIUwVJwNYXxOR,Route 333 OST,150443,6cyFbDC72hy7WWKLoGAQE9
3LiyBbbo5Negbgq9RV9qJa,ХОТБОКС (prod. by Young Royce),96080,2bo3aNcDml1m1VWVuydaCb
1GOiMxQXZUzjzH0Sxpck0B,Дежавю,173725,5ForRoVEwhqUlu6jcbgdaa
2Z0OcpA4i1KayJbXn800le,Чистый - OST «Псих»,193746,6S3SHxve1g8S1v71Vlq3YP
13nr23VfbRVdLtaqMrgYwe,Печаль Cо Знаком 8,172196,6cyFbDC72hy7WWKLoGAQE9
5NXn6wdIJb5TFC9rsqlz9d,1 из Легенд,167885,6cyFbDC72hy7WWKLoGAQE9
6ugYbXPyqfpYTtG9z6YRvH,Коми,171360,4xu3a1LuYV0r3uCgiiuPNy
1F243xppsThmJaxnBuBfMA,Голос,184429,24Al4tcb84nkn8iJawPTlb
0Ot69EEAbZaZohRSYYu0I7,Венера-Юпитер,127285,4Tt5hEk2PGsUDNpINewbw2
0ik4dXxjZhwoMSZrD2HrJu,Судный День,163021,6cyFbDC72hy7WWKLoGAQE9
2DYzsMQpO7xOw7b3JwyIWP,Кукла колдуна,202040,56dGVHgkRzOfEmWDA1W0ov
1hfISzdAwnywAKxaSpfloo,Положение,282621,4AazRccPqHpoIxedRFfurN
0Nm9hFm8QVt83zi4FJQ0Qu,Истеричка,221694,7kuU8q2gCrBJ4iZJ3MzzkP
2QCRzimz7ebJUQ6xYyTHMZ,ДНМП,162203,6cyFbDC72hy7WWKLoGAQE9
79i617mqpQLwUs3WTokYX9,toxin,130893,4hQtFPrFqYhio0gneskkTq
6Dz383ZHSKzWh5ZTL7aRra,RUSSIAN WOMAN,176877,6e5G83EOP9tEfklabpOhRp
4qTNag73xHeQLFF5fEJWUQ,Camry 3.5,192000,13bddABWHCEtgRwGWmEiAT
7pimTwSxwlq3OeG8ARZqEK,Go! Смув,150361,4xu3a1LuYV0r3uCgiiuPNy
1PxsGXKKeclmywZlzepG8L,Никогда Опять,194212,6cyFbDC72hy7WWKLoGAQE9
6rnmvTLg2KnF0rZUCgRWHH,BESTSELLER,223220,7bA2UGo5MJwtDmyqOqGwnC
5ZPioCc4YsfAyLz2adWEzl,Перед Смертью Все Равны,124499,6cyFbDC72hy7WWKLoGAQE9
7hEps2SpTE29ei0M9EVwBx,Губы,82033,0Ht3IV18EPhaUfVJkHy7DR
08GgDzkQu4j7ycGgWCGXvt,Во Имя Тьмы,177725,6cyFbDC72hy7WWKLoGAQE9
3LRmMWVGsf9mprzLlFLJXR,RANDOM,125654,51WKiQb8rLOM0CfdxvFnbT
5qhdXxsc1l7hQHOc1aZaGn,KARI,194403,1Usgj4vnlf5iebjmzzRQJ7
53bbEINuw0ez3ntLcqYCu2,По Глазам,120000,41uurV69BIoO6FwaRdXkWo
6l1Ot8lsZj5lzIxWjYHgUh,Блэсс гад,151384,24QNaYuK4XQi8GEGDC7ea9
11ZulcYY4lowvcQm4oe3VJ,Slumber Party (feat. Princess Nokia),178404,438ToDoVaJH5aTIXXrlDyI
3SK45LddxlEkzI8OWO9Eyo,Ingobernable,187053,52QyC9nSbgtHFXyQRHsXJ9
1wPAOYQJcGSqvXkqcQHExr,Solo,204043,1288f3Kr8eeE0ZWcyoyEjs
5tTPP8qbaj9L4cjM8U8Q2M,Zorra - Remix,216400,7IJ4Cok2sQKI7JgpPyDIWr
71R8HJxQk5qMiRstrlXN9t,2/Catorce,212031,23ceOvjypWsCUj9ZrW8Fno
5gEUDNQvoQjdjklrwPdGwD,Párteme La Cara,167866,52QyC9nSbgtHFXyQRHsXJ9
7ql2RUmAmj36tkMUNWo7MT,A Un Paso De La Luna,167313,0IuCnS7obPd6pE3lJx0Ax8
6ynErSDSlxqsxg0D3LJ8sK,Flamenco y Bachata,191333,1H7ReEyX6o5ygyXMueHLBm
0NipDzamAtvro0HMcZD5DK,44,185466,7IJ4Cok2sQKI7JgpPyDIWr
43ic0un1f9Nak0ZCQgvKjY,Yo No Sé,168960,4oV9eietKZl9wQBtu47jjl
5jzEwSyyymBlf1fa1o39T2,512,193636,5r8T7S23cVDSd7a045h4N5
7m6aTkKrrPHAZ4fGnksoda,Nena Buena,212826,28adqly9V7wm5DFr7hlqtK
6Qj5ZSpc0JCV5zlyfuNqIf,No toy en Gente,152759,1B981Ho75BKd56hQCRZzAz
1mrQYY0NATPCe7WOYcCKf1,Vete Pal Carajo,176146,6h1BJzZHeHkAg5jknF3fwD
4KnLltd5UNz4c085UAr5dR,Vacío,167800,5S8OqWDVZVyDYtLmbzMmBO
4OWPAMZcoRwAmMA971KBTh,Blin Blin,144213,7IJ4Cok2sQKI7JgpPyDIWr
3GaGWoU1KfVqgl7vnRHP55,Demasiadas Mujeres,153960,52QyC9nSbgtHFXyQRHsXJ9
5zxZ7M4RgWZUHlMEwac8vt,Voices,184000,55w4D3r62g4hmMVvpnVkSV
4dxeRrYgeAQ1F0uH9g04lN,tystnar i luren,193853,10QyE172YMGrTKqXDYfEUX
4tGPi30jgutml0z5QgNd8Q,Gamora,165516,2ShdgOPkxdlnwuE21iXpWS
61YmcO62hGjw1RlDHZ0XEg,Behöver inte dig idag,180640,55SFrQkALH1L1oXmkHG4Is
7t3VznmzfrDXFyexb2wA0q,Every Minute,182506,4rz2z5TUhGGUaXH1bSRooD
6inhRGv7e8iqDEMRQuFk0W,Little Tot,172800,2EB1w1XTnzqvdbWOEGZlV8
2MlOUXmcofMackX3bxfSwi,Jerusalema (feat. Nomcebo Zikode),342612,0bRAth39i98n7qrxubZ00K
41iZhFesLQ6JLjyPxI4LLL,Dandi dansa,179133,4b4LGue9EPEclYIXoLdC8m
3MMJuk00QLVAjS6vwBZ67V,Bailá Bailá,173124,3bcMrj2XzJl776OdDXmrnF
32z2QHVJTOPzzczl4MjmHo,Du måste finnas,198473,6nQln0lriO0jiB1cYEdEVD
09ZI6ytqLZe1sRXLKPKZNe,Barn av vår tid,234281,37HmoBjoOnfTWrBdMXfJeR
4SS4YfDAEQG0fZAe1xfgn3,Svag,191103,3dXd7zPtfgASvaxo0jIAtu
5nBi3tQiXWt70G6UlXB86E,In The Middle,183195,5X6lJlSXJ2sPBTv2jEjlnW
0GJbfGoCNAE0SafM9LW0nF,VHS - Spotify Studio It’s Hits Recording,184615,0jJe56d4tAO2Bj6s5oR9Yi
2QknNfweEEo2wZsUCZbzpo,Beat Of Broken Hearts,182654,1glDNppQ1MuGHv7akfzcFu
6McgJF06bnEyIVAfRTaZ4W,New Religion,178560,3D30vjtDciFp3Bnf8C5NNi
1KaddVS6HXYrvt6ETZtRQ8,Starkare,160887,6nQln0lriO0jiB1cYEdEVD
3R9KvtovDyPBPtBqiulmoq,1942,185263,5WC5WvmybgtCEuFdr0kQMW
6O27WBEqkGeyq3hNYE0BdS,90-talet,176578,5xdHq3shCsEXuyt3hTPBvn
7jDtQkIxKFELTpQa27VWWR,Look What You've Done,181354,6hp2216exPe2qBLST3gpD8
5IONrCRMaQomlgoKpIoI8O,Ge upp igen,170226,2CmaPlYkvb9Q8N1NM9zbHx
1nP79zXOucRp8lBoT52U5M,The Missing Piece,181706,4fYItXXG3anVRF4ThCWebC
2YjWAJEES4VMcwoOWvqk08,HKF (Håll käften & försvinn),190978,2XOBT3JlFI2ouu3I3yVnVT
4r0VyqkDOosEkG92kx1SL9,Om allting skiter sig,164213,3m9Fv41fs8Wp6sWRvovDM0
4SLYrBfzgbLmiEdoKajyHL,Ser du månen där du är ikväll? (Tillsammans igen),240000,1XkpttQ0sG0O1C1ASKurDO
43S6EtJ38gARKKLvdbQd31,Pretender,172589,73vmRNV2enun5nkmVbNEz9
487FnTfh3G1qe0neVvkGb3,Best of Me,178906,3mrc9lYJLzOt95WCo30PTM
4SQGtL9oAoTcgxPleSPA5H,Tänker inte alls gå hem,180773,65atkzQam1ymnOgdNB8JtU
2tq2ANtVTNd8J4J0WbkSDr,Still young,180186,0aV0RwNJfd3vxE3wL6OS7A
704iA6CyFdeP24JvGFxsRs,Säg Mig Var Du Står,204987,4NQfAHzpcD28TVebM9TXAC
5WBaMuA6gMy90SZXyS4Yz0,När jag ser dig,227620,6FC5YIMWbpLUDMF6tJyMZ9
6IgMLWNcxP1vONuQSIDEpk,Malaika,189183,5WC5WvmybgtCEuFdr0kQMW
247LJ2oARxtQuFAlbPIx79,Jag mår bra nu (feat. Newkid),189441,46NgeK47Px9EjXI1ZdsWkY
1DT1yVnRlV3kV2gSHvf31Q,Rena rama ding dong,178484,3hrs8FWaYt2afWHYNPpvmZ
2vTin2H3idCl2nuc3CqdPR,ICE,136200,1LjrNRhhrl248ey5geuzpP
7d32oBYefxvVO5efdRUuSX,Allting är precis likadant,180000,3gueApDsnqz804BHH2N6jO
1Ytgo9ipdlTsf6wlg6sXf3,在這座城市遺失了你,357093,6Vss0GQqlLtD4k3lSXnYI5
6us212S3fCRIQwOwNExqLH,愛我的時候,224400,6kXiZM2u6c5VdmYcGhtxmh
0upiMcFbQHH51etgz4xK0l,四季予你,248527,4csJfkLKIaltiP8ALv7H0S
0bIbgooxvBkww2ZGeu8VMR,天黑請閉眼 (feat. 邱鋒澤),286832,4Rx7JsvDZWfL07FV9qchPX
4E5PyVOBH25CICgTURwGXM,CHANGE,161632,5qiMTeDKaY3cfqZeBG0xUY
7tgzj2IqzSgUpxUhjmcF5m,披星戴月的想你,349773,7yvCk24AtE9k0vLcolSs2i
19fp9nI0tq0lcBl7XoCHAb,唯一,270760,6Vss0GQqlLtD4k3lSXnYI5
66YKSygcUZHHqHJZcWslI3,句號,235632,5BQmFN38iOhEhMVIdtvFhS
5QbK5PrR9wbog3M5vVAn2n,她沒在看我,178787,5qiMTeDKaY3cfqZeBG0xUY
0KWnRv3wxjltYVB3MqjNd2,Without You,175500,4b65l6XzLp2Eg6lDTMmO1k
3CEkc8f1UDvI7kohz3ARpA,炙愛 - 女聲版,181184,4UNHITlg3vOCdwV2qMwwl1
6jUOZRbaQc9nX8grCUTq24,我這個人 - 《我沒有談的那場戀愛》電影宣傳主題曲,290022,6evHYH3s4yGF5YvrqpFYep
2h5j6lshsRkShTQ527SOlj,他們說我是沒有用的年輕人,323482,52wbyXpG9wiklOacpLGrig
56XaEf9Mo2Njaxa9TIn5LR,少年,236114,5bXN7segGUJUfO1DvQ4QN2
2MjZIBkwxAbuM1xtRpKdcq,餘地,261204,10NPSnmotJn67atVkGJL6h
4ioO0T2VDmyhLndmBGlJYL,HAVE A NICE DAY,261165,3V43Y3y0CGYwwLyytbH25w
6lZKB76djHxzO0p2Y3E8vj,"很久以後 - 電影《可不可以,你也剛好喜歡我》主題曲",290264,5BQmFN38iOhEhMVIdtvFhS
3oRP6yGs5d0kFpGRRzzaS8,因為你 所以我,281799,0bLc2MyuEEP8eiMnd6v5Rt
0q1FMCm6hZhyPomad3LQES,So Bad,172118,3bmtJ18oSexsFQpbv2pvby
3yWMv4KSXoh1l61cAqykl1,Something I Don't Need,174958,5qiMTeDKaY3cfqZeBG0xUY
0TVrlU8El0K6U1pC2LOt09,如果能幸福 - HBO Asia原創影集《戒指流浪記》片尾曲,259588,72fDUWj0QsUgA9EoGv2Yoq
3NNDJfWMGHuNpvHWTImmlW,慢冷,289604,13EgeVmtvcqQIdJJix6QzM
7mCr6Rn5jx04Fisvts97Z3,真的傻 (電影《一吻定情》追愛版主題曲),256000,1kwz2DPjIizXiCnWz6ru2s
4YxVgJAkGsUnqLvEzjz8Ry,正想著你呢,205371,1hLOyMZ8n5dmBckqXkToIG
0NHsxQj4j6gPz8PdRc5KKh,失重前幸褔,222469,462ekXKIYZgxtRXMmRcioa
33KsdPM5KJFBg1NMlv3spe,慢飛,243493,5beNIFc739TQnuVjxbV0WP
2VnNaJFGInEJ0R5GkSQ7IP,Se Picó,139430,6ohNtR3J1yNw2Cs7zFYZfN
4KlrEwjhXnHLtmKauxVHJz,Bonita,154624,7vMcapwZDRheyqRiuxhGFU
3wGx3gYPjECKZazGNuPEX2,Phải Chăng Em Đã Yêu?,190000,4LWNcXaa7PRKgdX78WodcT
17iGUekw5nFt5mIRJcUm3R,Chúng Ta Của Hiện Tại,301538,6oT0WOEPWOxsa2Vmnkxwxa
6rVaOdWvFaNyVVXda0NPJy,Nàng Thơ,254476,0hKtQOcoXFHvsvRLLnmRVX
7wkX67ruxr3x2GFz6vyIX9,Bước Qua Mùa Cô Đơn,278823,5eZM5D8F9yNZvsE4uC2l1s
6IAqflHsPVm4EpYghXauX7,Sinh Ra Đã Là Thứ Đối Lập Nhau,234168,0pjTVkUehNsQzYQqjK671p
2f8Ew6sB7KHlTiH9NTLvVM,Tình Bạn Diệu Kỳ,188444,4GKf1nFfhu47PWFWMLQgm2
1fh5Sf3fFESFOS8D82RQiI,từ thích thích thành thương thương,204230,7Aifj5a3xjW2k9E3sEREtV
6HpDKKSDZ8QpSHfikENIBC,Gác Lại Âu Lo,282628,6K252vEHDvcO47zNx9D5Y4
3VOeGtJwJh2jslvQAFaaEn,Chuyện Rằng,272152,4LCUSz7bnPTF3IKerCv308
5zH2inEP6THOY8tomr3DdZ,Trên Tình Bạn Dưới Tình Yêu,199266,6He7un0iQqrbVsmieoliGN
7ne0bfecn1o29bXC0Xblj2,Một Mình Có Buồn Không,266285,5Qhr6HOeRelMxCFk04Rxtb
2Jaaw8PrdUfPlU6o6tL5dl,Mascara,295789,0u3o3ESS1rnXlpF3VDI3gj
2EMbVMhUtYNfuAhTi9HvBk,Lỡ Say Bye Là Bye,214948,7oZP3YD6tt4RAreNqTsjGv
3pyHABNUu0QxeyH1x8p7yf,Gặp Nhưng Không Ở Lại,276777,3fAy66dEycL2DFH0oqzBHU
014DA3BdnmD3kI5pBogH7c,Cứ Chill Thôi,270000,7FEh6eJumH2tqhXKfQ5Tul
7LVrrX8pkzI9fMF88nGabt,Đi Về Nhà,200000,7C3WHnNZ5zcUutPtsB7KjD
2z9iLlNBt1aLZUCFgXby97,CÓ CHẮC YÊU LÀ ĐÂY,202105,738A5dZVHTynH0sfeL87KV
42pZsfo15M63tgCpDeGCx6,3 1 0 7,232258,6olmrtNvAOXjiPPqMYsMpi
6B1Io9VDzMAmwFjrplDJw8,từ chối nhẹ nhàng thôi,246818,0JoA8Z6TWI31c6uWXldxyU
6iXGivPFpsqKmrINhIbPvx,Buồn Thì Cứ Khóc Đi,222314,6mgn507pXtwFXRcEGcg4bA
3HJ0EW4kd9S1NRCm039Fsk,Ke Cap Gap Ba Gia (feat. BINZ),231504,4gfu67H8oClhhE4XT5JL2u
4JPJhbWVL1yWTU8DpYP2Vc,Tình Đắng Như Ly Cà Phê,215172,0gmt66kHSJzBQI4qpQmkci
1AAGvzJRWMTKx7PNfeTvP4,Missing You,242857,1b60c7XKSLPW7s1f0CBWqF
25edeHHueINMguqu9emCyV,Lối Nhỏ,252953,77yV2mEkJaZ4oLu1M4fe5N
4Wdwvi2C5MD8zDi9Kg3x4X,Chúng Ta Sau Này,211200,7xWIiLIMicso31AA6umVjI
5Bti0azlFhMattVY76qFr9,Lạ Lùng,261616,3Snqkoi7IXxtDxx71z1lWR
2AiZm17zqkV7llT3SHz4Nu,Bài Này Chill Phết,276000,5V9sf4PHbbTbrAG11xUzRQ
6jcG3yZ0e2CSI6omkYO1ut,Thích Quá Rùi Nà,178285,2Uejuvo8WwGMH3hUe8NGsO
6jOP08e9PHDnoF3reZcePE,Qua Khung Cửa Sổ,299090,7Kmjgg0UXtZyZQdgTuSg1d
2PYDUM2IC01FOTDLQdFxJP,3 1 0 7 - 2 (feat. W/N & Nau),268524,4qbBLMHLI6JIpDmm11eVUP
3b34161QoxLwsqhWSPy9i5,Thanh Xuan,220509,2S83wtOFg3NgQbyo3Lswkw
0Rx4GFPy8ISxPhRwkjl64b,"ex's hate me, Pt. 2",216500,4tHnhcKAaAaD83UfrTvUPt
2QIRuHGVTmp9HL2u4irHMt,Tình Yêu Xanh Lá (juju),179000,4WwZK9xVpLSeCGiGQiwyZ6
2LKI0fGEKR3RWAiY2jqq8k,Một Cú Lừa,208695,0JoA8Z6TWI31c6uWXldxyU
4TfH2Syxsx2cAJShY8u6bT,Anh Luôn Là Lý Do,222089,2S7MeTUh4sXFVBwI4jBcRV
3sV8ExJeOGXbanczafavZv,Bigcityboi (feat. Touliver),201599,0Np79p14r3SzTyQ5NjxJNx
2rbDhOo9Fh61Bbu23T2qCk,Always Remember Us This Way,210200,3edjzMAVB9RYRd4UcZBchx
